log_id,txn_id,action,log_time
1,129,Transaction Approved,2026-04-04 18:46:06
2,412,Transaction Rejected,2025-11-15 10:25:22
3,571,Transaction Created,2026-02-12 19:18:10
4,964,Transaction Created,2026-01-23 04:33:23
5,538,Fraud Detected,2025-11-25 13:55:10
6,250,Transaction Rejected,2026-04-11 12:30:48
7,909,Transaction Updated,2026-05-12 03:18:20
8,107,Transaction Created,2026-01-02 03:36:21
9,107,Fraud Detected,2025-12-06 05:51:28
10,493,Transaction Rejected,2025-11-21 16:22:34
11,883,Transaction Approved,2026-03-03 01:10:53
12,715,Transaction Approved,2026-03-02 10:13:26
13,877,Transaction Approved,2025-12-20 01:22:07
14,572,Transaction Created,2025-12-30 22:31:19
15,962,Transaction Approved,2026-06-22 12:59:40
16,272,Transaction Updated,2026-04-28 13:55:55
17,778,Fraud Detected,2026-02-07 16:44:22
18,241,Transaction Updated,2026-03-30 10:26:22
19,555,Transaction Updated,2026-05-14 19:18:17
20,277,Fraud Detected,2025-11-06 05:27:37
21,875,Fraud Detected,2026-04-19 12:58:45
22,267,Transaction Approved,2026-02-01 00:29:53
23,180,Transaction Approved,2025-10-25 06:16:26
24,897,Transaction Rejected,2026-06-23 10:02:26
25,428,Transaction Approved,2026-04-17 23:05:00
26,763,Transaction Created,2026-04-18 20:31:54
27,433,Transaction Created,2026-03-20 14:25:02
28,633,Transaction Rejected,2025-07-23 07:41:34
29,844,Fraud Detected,2026-01-30 04:35:28
30,411,Transaction Rejected,2026-03-15 14:24:28
31,216,Transaction Approved,2026-01-25 04:05:03
32,705,Fraud Detected,2026-01-14 20:32:06
33,382,Transaction Rejected,2026-04-27 19:33:06
34,316,Transaction Rejected,2026-02-25 06:16:03
35,991,Fraud Detected,2026-04-14 21:13:21
36,446,Transaction Approved,2026-05-24 22:22:18
37,5,Transaction Created,2026-04-23 00:50:37
38,926,Transaction Rejected,2026-03-09 18:36:58
39,420,Transaction Approved,2026-06-19 14:45:15
40,949,Transaction Approved,2025-11-25 22:22:37
41,756,Transaction Created,2025-10-19 14:29:18
42,416,Transaction Rejected,2025-10-17 17:36:32
43,674,Fraud Detected,2025-10-13 22:27:12
44,992,Transaction Updated,2025-11-30 22:07:33
45,208,Fraud Detected,2026-03-12 00:55:08
46,305,Fraud Detected,2025-09-28 02:13:39
47,210,Transaction Created,2026-04-20 12:02:44
48,518,Transaction Approved,2025-12-07 12:28:20
49,982,Transaction Rejected,2026-03-03 05:52:35
50,498,Transaction Created,2025-11-28 07:16:51
51,361,Transaction Created,2025-09-18 23:31:56
52,904,Transaction Updated,2025-09-17 08:06:43
53,309,Transaction Updated,2025-12-21 12:00:52
54,822,Transaction Created,2026-06-26 08:07:08
55,393,Transaction Rejected,2026-02-09 06:47:19
56,601,Transaction Created,2025-08-22 10:29:55
57,367,Transaction Updated,2025-08-29 00:57:21
58,762,Transaction Updated,2025-11-15 19:38:12
59,504,Transaction Approved,2026-06-18 10:40:50
60,297,Transaction Created,2026-04-08 02:42:39
61,778,Transaction Rejected,2026-06-26 20:45:40
62,127,Fraud Detected,2025-08-08 20:49:44
63,955,Fraud Detected,2026-03-09 00:33:33
64,310,Transaction Approved,2026-06-27 02:02:49
65,529,Transaction Rejected,2025-09-07 03:18:03
66,485,Transaction Approved,2025-10-25 12:04:28
67,22,Fraud Detected,2025-09-02 21:07:18
68,926,Transaction Created,2026-01-08 00:13:43
69,725,Transaction Rejected,2026-02-25 11:36:12
70,152,Transaction Created,2026-02-17 00:01:11
71,117,Transaction Rejected,2025-08-18 01:51:56
72,508,Transaction Rejected,2026-03-01 04:56:26
73,38,Transaction Approved,2025-09-27 04:56:01
74,296,Fraud Detected,2025-07-25 18:27:40
75,74,Fraud Detected,2026-02-16 10:23:25
76,197,Fraud Detected,2026-02-13 10:41:43
77,946,Transaction Created,2025-12-21 05:25:18
78,133,Transaction Rejected,2026-02-07 11:45:11
79,798,Transaction Approved,2026-06-09 22:57:12
80,718,Transaction Rejected,2026-02-17 23:27:47
81,180,Transaction Rejected,2025-08-17 08:42:16
82,290,Transaction Created,2025-09-18 16:34:37
83,260,Fraud Detected,2025-11-16 23:29:48
84,893,Transaction Created,2025-09-25 18:47:04
85,123,Transaction Created,2026-02-20 11:19:52
86,473,Transaction Rejected,2025-12-19 14:23:50
87,657,Transaction Updated,2025-08-01 19:21:27
88,200,Transaction Rejected,2026-03-23 17:45:39
89,689,Fraud Detected,2026-02-05 16:47:04
90,197,Transaction Rejected,2026-05-02 23:21:41
91,822,Transaction Approved,2025-09-13 20:28:49
92,807,Transaction Rejected,2025-09-14 11:03:33
93,66,Transaction Updated,2025-07-16 10:31:56
94,414,Transaction Updated,2026-03-21 06:18:55
95,222,Transaction Updated,2026-06-08 10:17:13
96,278,Fraud Detected,2025-12-15 00:47:35
97,932,Transaction Approved,2025-07-09 20:22:05
98,830,Transaction Updated,2026-05-27 00:08:25
99,294,Transaction Rejected,2025-11-25 00:37:32
100,281,Fraud Detected,2025-08-18 06:54:09
101,131,Transaction Rejected,2025-10-26 05:29:00
102,295,Transaction Rejected,2025-10-02 12:29:32
103,528,Transaction Created,2026-06-03 03:22:18
104,334,Fraud Detected,2026-02-13 01:04:00
105,631,Transaction Created,2026-05-05 17:03:08
106,549,Transaction Created,2026-04-10 13:39:35
107,273,Fraud Detected,2026-05-05 11:39:30
108,624,Transaction Approved,2026-02-09 12:50:43
109,201,Fraud Detected,2026-04-22 16:21:27
110,505,Transaction Updated,2026-03-23 01:01:48
111,748,Transaction Approved,2026-05-12 14:29:42
112,578,Fraud Detected,2025-09-13 09:52:27
113,444,Transaction Approved,2025-07-23 12:01:05
114,845,Transaction Created,2025-07-25 05:16:53
115,517,Transaction Updated,2026-03-15 20:09:39
116,158,Transaction Approved,2025-12-17 21:53:23
117,45,Transaction Rejected,2025-08-01 22:57:08
118,465,Fraud Detected,2026-03-24 01:33:19
119,649,Transaction Created,2026-02-06 04:39:41
120,842,Transaction Created,2026-01-02 23:07:20
121,445,Transaction Rejected,2026-05-11 01:51:43
122,439,Fraud Detected,2026-06-25 04:24:13
123,516,Transaction Updated,2026-03-27 04:12:59
124,417,Transaction Approved,2026-01-05 21:43:39
125,359,Transaction Approved,2026-07-07 07:05:19
126,118,Transaction Updated,2026-04-06 23:04:00
127,638,Transaction Updated,2026-02-16 16:52:29
128,143,Transaction Rejected,2025-09-01 01:23:54
129,932,Transaction Updated,2025-09-12 14:06:57
130,618,Fraud Detected,2025-10-21 19:17:00
131,95,Transaction Approved,2025-11-22 02:25:36
132,715,Transaction Created,2026-02-11 10:57:33
133,285,Transaction Rejected,2026-02-04 13:18:44
134,611,Transaction Updated,2025-12-31 15:17:00
135,361,Transaction Updated,2025-12-26 00:25:29
136,458,Transaction Approved,2025-12-26 00:43:30
137,753,Transaction Updated,2025-12-09 07:42:10
138,584,Fraud Detected,2025-08-13 19:10:50
139,279,Transaction Created,2025-11-26 13:45:34
140,394,Transaction Created,2026-05-12 08:28:27
141,480,Fraud Detected,2026-03-12 04:36:42
142,750,Transaction Updated,2025-07-20 16:52:43
143,140,Transaction Rejected,2025-12-25 05:46:06
144,89,Transaction Updated,2026-07-04 16:20:57
145,291,Fraud Detected,2025-11-05 19:09:58
146,9,Fraud Detected,2025-08-20 13:45:41
147,885,Fraud Detected,2026-01-22 03:16:19
148,970,Transaction Approved,2026-03-10 17:09:04
149,137,Transaction Approved,2026-03-01 16:48:50
150,845,Transaction Created,2026-04-24 23:34:59
151,671,Transaction Rejected,2026-06-06 12:00:59
152,67,Transaction Created,2025-10-03 06:11:09
153,679,Transaction Rejected,2025-12-17 08:31:40
154,575,Fraud Detected,2025-07-25 11:17:08
155,664,Transaction Updated,2026-01-16 01:47:36
156,407,Transaction Updated,2025-07-21 08:36:27
157,885,Transaction Updated,2026-03-27 17:23:27
158,927,Transaction Rejected,2025-12-27 15:16:51
159,945,Fraud Detected,2025-09-05 00:37:08
160,662,Transaction Updated,2025-11-29 04:14:49
161,957,Transaction Rejected,2025-12-21 04:32:42
162,278,Fraud Detected,2025-11-10 13:34:30
163,989,Fraud Detected,2025-12-11 08:03:16
164,296,Transaction Created,2026-01-07 10:41:49
165,136,Transaction Rejected,2026-05-14 09:08:14
166,796,Transaction Rejected,2026-05-19 11:05:15
167,319,Transaction Updated,2025-07-11 08:07:35
168,516,Transaction Created,2025-09-06 22:06:58
169,378,Fraud Detected,2025-10-05 20:21:19
170,611,Transaction Updated,2025-09-01 10:48:02
171,876,Transaction Rejected,2025-11-27 07:15:20
172,474,Fraud Detected,2025-12-19 08:31:08
173,609,Transaction Approved,2026-03-11 12:46:32
174,368,Transaction Created,2026-04-29 11:43:36
175,483,Transaction Rejected,2026-07-03 08:19:02
176,245,Transaction Rejected,2026-05-26 09:52:19
177,976,Transaction Approved,2025-11-22 07:53:22
178,6,Fraud Detected,2025-12-15 02:10:14
179,948,Transaction Updated,2026-06-27 01:12:43
180,622,Transaction Updated,2026-05-07 19:15:06
181,613,Fraud Detected,2026-02-07 13:30:50
182,395,Transaction Created,2026-01-19 22:09:48
183,540,Transaction Rejected,2026-01-22 08:18:35
184,110,Fraud Detected,2026-02-21 23:22:49
185,244,Transaction Approved,2026-04-04 06:24:09
186,69,Transaction Updated,2026-05-25 11:59:48
187,106,Transaction Approved,2026-02-05 02:51:55
188,196,Fraud Detected,2025-11-29 13:29:37
189,389,Transaction Rejected,2025-07-30 12:15:39
190,476,Transaction Approved,2026-03-01 15:56:22
191,569,Transaction Approved,2025-09-26 14:22:24
192,440,Transaction Rejected,2025-10-28 02:43:22
193,188,Transaction Rejected,2025-11-27 06:19:46
194,676,Transaction Updated,2025-10-30 03:06:31
195,781,Transaction Approved,2026-05-22 19:41:42
196,127,Transaction Updated,2026-04-03 02:10:48
197,578,Transaction Rejected,2026-04-24 09:50:22
198,671,Transaction Updated,2026-06-03 09:01:52
199,813,Fraud Detected,2025-08-21 18:01:10
200,224,Transaction Created,2026-03-18 06:13:31
201,127,Transaction Created,2025-08-05 16:43:02
202,994,Transaction Rejected,2026-01-18 09:11:09
203,245,Fraud Detected,2026-03-31 16:59:55
204,45,Transaction Updated,2026-06-10 12:03:49
205,202,Fraud Detected,2025-07-12 05:36:23
206,407,Transaction Approved,2026-05-10 02:27:16
207,612,Transaction Updated,2025-09-10 18:01:43
208,982,Transaction Created,2026-05-16 11:42:39
209,200,Fraud Detected,2025-09-18 05:33:47
210,58,Transaction Approved,2026-02-02 14:19:31
211,826,Transaction Approved,2026-02-08 11:35:50
212,729,Transaction Updated,2026-03-26 11:18:47
213,187,Transaction Rejected,2026-02-16 00:06:33
214,548,Transaction Approved,2025-10-02 01:39:59
215,266,Fraud Detected,2026-06-19 12:06:13
216,875,Transaction Rejected,2025-10-22 09:52:03
217,289,Transaction Rejected,2025-09-12 05:23:00
218,151,Fraud Detected,2026-03-15 08:15:38
219,538,Transaction Rejected,2026-01-18 07:59:08
220,523,Transaction Rejected,2025-08-29 05:42:06
221,255,Transaction Updated,2026-05-16 23:46:49
222,101,Transaction Rejected,2025-11-06 10:35:14
223,748,Transaction Created,2025-12-10 04:41:52
224,471,Transaction Rejected,2026-06-05 04:44:54
225,787,Transaction Created,2025-12-08 20:16:24
226,506,Transaction Approved,2025-10-20 10:03:42
227,80,Fraud Detected,2025-12-21 07:33:02
228,396,Transaction Updated,2026-06-07 22:26:05
229,580,Transaction Created,2025-09-26 10:11:09
230,88,Transaction Updated,2025-12-27 07:09:50
231,37,Transaction Updated,2026-03-10 07:08:09
232,942,Transaction Updated,2025-12-14 19:41:29
233,583,Transaction Approved,2026-06-28 07:43:38
234,148,Fraud Detected,2026-01-06 11:14:38
235,401,Transaction Updated,2026-05-10 17:10:15
236,1000,Transaction Rejected,2025-09-11 07:04:19
237,757,Transaction Rejected,2025-07-16 15:43:28
238,840,Transaction Updated,2025-10-09 04:28:58
239,960,Transaction Updated,2026-06-30 04:15:42
240,992,Transaction Rejected,2026-01-19 03:03:06
241,686,Transaction Approved,2026-05-10 01:01:37
242,243,Transaction Updated,2025-11-21 00:52:48
243,824,Transaction Rejected,2026-05-04 10:10:25
244,543,Transaction Rejected,2026-01-22 14:00:08
245,734,Transaction Rejected,2026-06-09 06:37:48
246,177,Transaction Updated,2025-10-01 06:18:36
247,335,Transaction Rejected,2026-04-30 04:10:59
248,84,Transaction Updated,2026-01-09 07:01:26
249,874,Fraud Detected,2026-03-24 06:30:59
250,493,Transaction Created,2025-10-09 20:48:33
251,801,Transaction Created,2025-09-09 06:02:01
252,657,Transaction Created,2026-06-22 05:18:39
253,985,Transaction Approved,2026-01-07 05:02:04
254,445,Transaction Updated,2026-04-12 22:59:49
255,901,Transaction Created,2026-01-12 19:25:11
256,38,Transaction Updated,2025-10-31 23:22:01
257,709,Transaction Updated,2025-09-12 13:28:41
258,639,Transaction Approved,2026-06-28 00:08:41
259,485,Transaction Approved,2025-10-15 03:27:40
260,534,Fraud Detected,2025-10-12 13:40:38
261,925,Transaction Approved,2026-06-09 05:56:49
262,586,Transaction Approved,2026-01-09 03:17:13
263,794,Transaction Approved,2026-06-15 21:00:23
264,321,Fraud Detected,2026-07-01 13:49:20
265,556,Transaction Rejected,2025-10-28 07:35:51
266,139,Transaction Created,2026-03-25 11:47:48
267,979,Transaction Created,2025-12-14 09:08:04
268,865,Fraud Detected,2025-12-29 08:13:15
269,890,Transaction Created,2025-07-10 12:02:46
270,86,Transaction Created,2025-11-03 16:56:17
271,419,Transaction Rejected,2025-09-01 13:44:36
272,229,Transaction Rejected,2025-08-31 18:56:07
273,516,Fraud Detected,2026-06-29 01:09:59
274,463,Transaction Updated,2025-09-11 13:47:26
275,668,Transaction Updated,2025-08-22 18:18:07
276,542,Transaction Approved,2026-04-26 22:53:13
277,136,Transaction Updated,2025-12-18 05:10:32
278,853,Fraud Detected,2026-07-04 12:17:52
279,454,Transaction Rejected,2026-01-14 03:05:06
280,693,Transaction Approved,2026-05-02 02:31:36
281,405,Transaction Updated,2026-07-02 04:46:24
282,854,Transaction Approved,2025-07-18 00:00:33
283,122,Transaction Approved,2025-08-11 18:48:19
284,233,Fraud Detected,2026-01-18 10:53:26
285,825,Transaction Updated,2025-09-10 11:07:15
286,997,Transaction Approved,2026-01-04 00:11:18
287,283,Transaction Created,2026-04-14 13:42:15
288,140,Transaction Rejected,2026-01-01 21:23:09
289,750,Transaction Approved,2026-06-18 11:17:15
290,583,Transaction Created,2026-01-15 15:05:13
291,722,Transaction Created,2026-01-17 01:12:44
292,604,Transaction Rejected,2025-07-15 07:02:35
293,730,Fraud Detected,2025-10-17 22:07:45
294,15,Transaction Approved,2025-08-31 09:38:23
295,880,Transaction Created,2026-05-17 09:46:56
296,672,Transaction Updated,2026-06-16 02:23:30
297,749,Transaction Approved,2025-10-28 05:19:00
298,335,Transaction Rejected,2025-09-24 00:07:23
299,498,Fraud Detected,2026-02-15 03:28:01
300,712,Fraud Detected,2025-07-13 21:19:59
301,324,Transaction Created,2025-08-17 13:54:35
302,57,Transaction Approved,2026-06-07 12:17:07
303,68,Transaction Rejected,2025-12-07 11:08:45
304,162,Fraud Detected,2026-04-04 16:11:29
305,628,Transaction Rejected,2025-11-10 21:57:00
306,960,Transaction Rejected,2025-08-08 13:43:20
307,41,Transaction Updated,2025-09-23 18:36:57
308,398,Transaction Rejected,2025-12-06 05:48:42
309,377,Transaction Created,2025-10-30 10:19:06
310,430,Fraud Detected,2026-06-25 13:55:02
311,195,Fraud Detected,2026-01-15 10:52:20
312,760,Transaction Updated,2026-02-21 21:11:01
313,434,Transaction Updated,2026-04-23 06:52:58
314,609,Transaction Created,2025-08-15 04:34:04
315,360,Transaction Approved,2026-02-25 16:43:00
316,139,Transaction Updated,2025-10-06 21:13:08
317,37,Transaction Updated,2026-02-16 10:12:37
318,952,Fraud Detected,2026-04-23 16:49:52
319,582,Transaction Rejected,2026-01-02 01:55:09
320,39,Transaction Approved,2026-04-22 16:30:21
321,554,Transaction Rejected,2026-01-24 22:40:48
322,557,Transaction Rejected,2025-12-27 15:37:23
323,984,Transaction Rejected,2025-07-18 23:25:39
324,164,Transaction Rejected,2026-03-28 06:41:22
325,599,Transaction Updated,2026-02-22 22:40:16
326,593,Transaction Approved,2025-08-04 21:45:22
327,77,Transaction Updated,2025-09-29 12:39:09
328,503,Transaction Created,2026-03-05 11:55:11
329,697,Transaction Created,2026-03-28 19:56:56
330,107,Fraud Detected,2026-02-12 19:21:21
331,974,Transaction Updated,2026-04-26 04:27:29
332,10,Transaction Rejected,2026-02-03 12:41:27
333,75,Transaction Approved,2025-10-26 09:24:08
334,820,Transaction Created,2025-12-15 11:53:00
335,215,Transaction Updated,2025-10-15 01:39:40
336,656,Transaction Rejected,2025-07-19 19:27:28
337,601,Transaction Rejected,2026-01-19 11:33:59
338,643,Transaction Rejected,2026-01-28 17:48:39
339,293,Transaction Rejected,2025-10-18 05:22:48
340,141,Transaction Updated,2026-06-14 01:54:12
341,340,Transaction Created,2026-03-16 11:01:47
342,701,Transaction Created,2025-09-11 15:44:09
343,383,Transaction Created,2026-04-29 05:21:31
344,936,Transaction Created,2025-11-09 00:39:25
345,956,Fraud Detected,2026-06-13 06:37:46
346,776,Transaction Rejected,2026-05-09 20:41:37
347,79,Transaction Updated,2025-09-26 20:46:27
348,90,Transaction Updated,2025-08-18 04:22:44
349,761,Fraud Detected,2025-07-23 05:02:05
350,970,Transaction Approved,2026-03-05 03:31:46
351,838,Transaction Rejected,2026-02-06 10:15:18
352,47,Transaction Approved,2026-04-25 00:55:52
353,833,Fraud Detected,2026-06-12 02:39:23
354,720,Transaction Rejected,2025-07-09 16:38:48
355,988,Transaction Updated,2025-12-24 19:08:58
356,673,Fraud Detected,2025-08-31 11:51:26
357,20,Transaction Approved,2025-08-31 17:00:24
358,121,Transaction Created,2025-11-04 12:28:42
359,543,Transaction Created,2026-06-27 08:10:16
360,688,Transaction Updated,2026-05-26 18:01:40
361,269,Fraud Detected,2026-06-18 06:20:02
362,466,Fraud Detected,2025-10-04 20:10:58
363,832,Transaction Created,2026-04-30 03:54:09
364,280,Transaction Created,2026-05-07 00:57:37
365,705,Transaction Created,2026-07-07 12:29:43
366,636,Transaction Updated,2025-08-24 23:12:37
367,618,Transaction Created,2025-12-29 10:52:05
368,287,Fraud Detected,2026-04-07 05:16:45
369,684,Transaction Updated,2025-12-11 07:15:57
370,25,Transaction Rejected,2026-02-09 16:27:08
371,364,Transaction Approved,2025-08-08 15:15:47
372,92,Transaction Rejected,2025-07-30 10:57:27
373,17,Transaction Updated,2025-12-20 23:28:38
374,677,Transaction Updated,2025-10-28 03:58:45
375,228,Transaction Created,2026-03-31 17:08:12
376,848,Transaction Approved,2026-02-02 02:38:23
377,420,Transaction Rejected,2025-08-24 15:18:29
378,858,Transaction Updated,2025-10-07 14:55:05
379,797,Transaction Created,2026-01-21 05:04:37
380,362,Fraud Detected,2025-11-28 15:57:52
381,356,Transaction Updated,2025-10-14 19:24:09
382,743,Transaction Approved,2026-04-23 02:12:36
383,600,Transaction Approved,2025-12-06 02:16:20
384,390,Transaction Updated,2026-04-14 14:02:56
385,188,Transaction Updated,2026-04-12 14:28:58
386,393,Transaction Rejected,2025-11-05 23:28:12
387,817,Transaction Created,2025-11-07 09:09:08
388,718,Transaction Created,2025-10-04 10:52:45
389,314,Transaction Approved,2026-07-01 05:39:27
390,257,Transaction Rejected,2025-11-18 20:03:53
391,875,Transaction Approved,2026-04-19 18:54:17
392,639,Fraud Detected,2025-08-12 02:25:56
393,610,Transaction Approved,2025-11-25 00:29:30
394,836,Transaction Approved,2025-12-25 14:53:09
395,61,Transaction Created,2025-07-17 01:38:37
396,451,Fraud Detected,2025-10-02 05:44:18
397,577,Fraud Detected,2026-04-04 14:53:11
398,506,Transaction Created,2026-04-17 12:44:01
399,105,Transaction Approved,2025-10-04 06:19:13
400,333,Transaction Created,2025-08-18 00:46:30
401,517,Transaction Rejected,2026-05-20 07:39:47
402,616,Transaction Rejected,2026-06-11 06:35:45
403,715,Transaction Updated,2026-05-20 17:57:14
404,728,Transaction Updated,2026-01-22 06:38:48
405,786,Fraud Detected,2026-02-06 12:39:59
406,869,Transaction Created,2026-06-30 09:03:48
407,984,Fraud Detected,2025-11-18 01:54:48
408,822,Transaction Rejected,2026-04-27 09:18:08
409,97,Transaction Rejected,2026-03-21 07:51:53
410,243,Transaction Rejected,2026-01-26 16:10:30
411,829,Transaction Approved,2025-07-29 07:25:38
412,843,Transaction Created,2025-12-10 17:15:03
413,43,Transaction Updated,2026-06-22 15:56:07
414,179,Transaction Updated,2025-09-28 09:56:19
415,947,Transaction Created,2025-07-30 18:18:52
416,905,Fraud Detected,2025-10-17 13:49:41
417,977,Transaction Updated,2025-12-08 20:22:51
418,119,Fraud Detected,2026-04-26 13:19:39
419,368,Transaction Rejected,2026-03-19 05:33:03
420,955,Transaction Created,2026-05-22 12:52:56
421,182,Fraud Detected,2025-07-26 07:37:39
422,946,Transaction Created,2025-09-14 05:10:45
423,469,Transaction Created,2025-07-20 21:42:30
424,67,Transaction Created,2026-02-17 00:46:43
425,421,Transaction Rejected,2025-11-14 21:49:14
426,172,Fraud Detected,2026-02-10 05:10:29
427,959,Transaction Created,2026-04-10 04:49:11
428,134,Transaction Created,2025-10-22 18:44:55
429,890,Transaction Updated,2025-09-19 05:03:18
430,186,Transaction Created,2025-12-08 08:14:15
431,448,Transaction Rejected,2025-07-11 10:51:16
432,873,Fraud Detected,2025-11-11 18:00:38
433,879,Fraud Detected,2025-11-11 18:41:17
434,888,Fraud Detected,2026-06-06 01:34:27
435,710,Transaction Updated,2025-10-16 06:49:15
436,913,Transaction Rejected,2025-07-29 02:12:37
437,755,Fraud Detected,2025-07-19 15:42:06
438,429,Transaction Rejected,2026-02-21 17:39:30
439,772,Transaction Approved,2025-12-17 12:37:41
440,953,Transaction Updated,2025-07-14 07:12:30
441,64,Transaction Created,2025-10-09 02:43:21
442,946,Transaction Updated,2026-06-07 01:31:45
443,600,Transaction Rejected,2025-10-26 02:56:17
444,242,Transaction Approved,2025-08-19 11:53:33
445,588,Transaction Approved,2025-08-05 20:30:24
446,563,Transaction Rejected,2026-05-05 10:55:58
447,462,Transaction Rejected,2026-06-08 17:39:30
448,998,Transaction Rejected,2026-06-29 16:37:13
449,518,Fraud Detected,2025-09-11 17:54:04
450,561,Transaction Rejected,2025-12-17 02:25:02
451,138,Fraud Detected,2025-07-13 18:48:21
452,727,Fraud Detected,2026-01-25 14:34:13
453,600,Transaction Updated,2026-02-12 11:49:23
454,188,Transaction Updated,2026-05-29 05:35:01
455,139,Transaction Approved,2026-06-12 15:47:55
456,207,Fraud Detected,2025-07-17 21:43:12
457,920,Transaction Updated,2025-07-19 17:05:36
458,820,Transaction Updated,2026-01-14 08:28:06
459,379,Transaction Approved,2026-03-23 11:18:20
460,537,Transaction Approved,2026-06-09 23:12:47
461,620,Fraud Detected,2026-05-09 10:46:19
462,947,Transaction Updated,2025-10-13 02:11:52
463,815,Transaction Rejected,2025-09-20 18:07:17
464,59,Transaction Updated,2026-05-14 14:15:13
465,446,Transaction Approved,2025-11-08 13:34:39
466,971,Fraud Detected,2025-11-28 10:52:50
467,198,Transaction Rejected,2026-02-24 07:47:32
468,870,Fraud Detected,2026-01-16 10:15:01
469,566,Fraud Detected,2026-03-19 01:06:55
470,93,Transaction Approved,2026-04-17 20:59:54
471,836,Transaction Rejected,2026-01-08 23:24:36
472,809,Transaction Created,2026-03-31 15:50:58
473,360,Transaction Approved,2025-12-21 22:36:40
474,936,Transaction Created,2025-09-15 01:34:47
475,724,Transaction Created,2025-08-07 17:52:25
476,684,Transaction Approved,2026-04-13 20:47:40
477,130,Transaction Approved,2025-07-30 19:25:39
478,441,Transaction Updated,2026-04-09 00:42:39
479,315,Transaction Updated,2026-06-19 06:03:20
480,561,Transaction Updated,2026-05-29 07:57:43
481,611,Transaction Created,2025-07-26 14:46:45
482,497,Transaction Created,2025-07-17 01:43:46
483,72,Fraud Detected,2025-10-13 05:14:29
484,181,Transaction Rejected,2025-08-24 03:06:27
485,789,Transaction Updated,2026-04-09 19:39:15
486,95,Fraud Detected,2025-08-07 01:48:57
487,532,Transaction Created,2026-05-03 06:35:24
488,218,Fraud Detected,2026-05-19 15:46:53
489,957,Transaction Updated,2026-02-03 13:57:48
490,85,Transaction Rejected,2025-10-14 20:54:47
491,290,Transaction Created,2026-05-28 11:02:14
492,144,Transaction Created,2026-02-16 11:30:42
493,529,Transaction Rejected,2026-04-30 07:51:39
494,24,Transaction Created,2026-06-21 06:35:08
495,649,Transaction Created,2025-10-10 15:43:08
496,117,Transaction Approved,2026-01-17 04:52:06
497,423,Transaction Created,2026-06-17 05:36:17
498,651,Transaction Approved,2026-01-26 17:59:08
499,23,Transaction Created,2026-02-16 15:02:06
500,61,Transaction Created,2026-06-26 19:39:44
501,443,Fraud Detected,2026-06-25 08:49:21
502,226,Transaction Rejected,2025-11-29 22:30:57
503,146,Transaction Approved,2025-09-18 12:48:57
504,519,Fraud Detected,2026-06-18 02:07:30
505,149,Transaction Rejected,2025-08-20 10:14:08
506,649,Transaction Rejected,2025-09-25 07:01:32
507,738,Transaction Approved,2026-05-27 04:30:18
508,65,Transaction Rejected,2025-07-19 17:04:32
509,257,Transaction Updated,2026-03-19 19:04:27
510,852,Transaction Updated,2026-06-18 22:34:36
511,533,Transaction Created,2025-07-09 12:40:51
512,199,Transaction Updated,2026-03-25 12:43:57
513,694,Transaction Updated,2025-09-05 10:32:12
514,721,Transaction Created,2025-10-29 23:41:02
515,339,Transaction Updated,2026-07-04 17:46:03
516,252,Transaction Created,2025-11-05 03:55:18
517,416,Transaction Updated,2025-08-05 19:54:21
518,676,Transaction Created,2026-03-12 03:04:20
519,293,Transaction Updated,2025-09-23 12:28:38
520,325,Transaction Updated,2025-07-16 02:54:02
521,232,Transaction Approved,2025-12-11 20:52:09
522,502,Transaction Rejected,2025-10-08 11:35:33
523,893,Transaction Created,2026-07-04 09:37:13
524,193,Transaction Created,2025-07-23 11:30:59
525,13,Transaction Rejected,2026-06-25 15:21:21
526,909,Transaction Rejected,2025-12-06 17:34:16
527,638,Transaction Updated,2025-11-08 06:19:52
528,643,Transaction Approved,2025-07-16 04:36:23
529,809,Transaction Rejected,2026-02-02 14:44:50
530,19,Fraud Detected,2026-02-11 11:44:25
531,31,Transaction Updated,2025-12-01 01:25:44
532,498,Transaction Rejected,2025-08-29 15:11:05
533,777,Transaction Approved,2026-05-29 13:59:29
534,670,Transaction Approved,2026-03-06 22:57:40
535,399,Transaction Approved,2026-07-04 13:47:45
536,251,Fraud Detected,2026-05-15 10:15:33
537,801,Transaction Created,2025-12-22 05:40:35
538,420,Transaction Updated,2026-01-08 12:34:52
539,284,Transaction Approved,2025-07-21 18:17:52
540,176,Fraud Detected,2025-08-23 19:52:29
541,801,Transaction Created,2026-05-22 02:44:42
542,814,Transaction Rejected,2025-12-19 16:02:42
543,489,Transaction Created,2026-02-07 19:13:07
544,758,Transaction Approved,2025-10-10 09:27:50
545,110,Fraud Detected,2025-12-10 00:53:17
546,79,Fraud Detected,2025-12-16 11:18:31
547,943,Transaction Rejected,2025-08-14 03:38:57
548,846,Fraud Detected,2025-09-03 12:03:45
549,448,Transaction Rejected,2026-06-20 02:38:05
550,672,Transaction Approved,2026-05-08 08:14:02
551,839,Transaction Approved,2026-03-13 14:11:44
552,560,Transaction Updated,2026-03-03 11:46:28
553,743,Transaction Rejected,2026-01-31 21:52:52
554,549,Transaction Rejected,2025-09-03 22:57:09
555,744,Fraud Detected,2025-11-09 19:41:06
556,749,Transaction Updated,2025-11-18 03:35:49
557,386,Transaction Created,2025-09-10 01:36:27
558,411,Transaction Approved,2026-01-02 02:36:52
559,901,Transaction Approved,2026-02-06 06:12:26
560,828,Transaction Rejected,2025-12-12 02:36:42
561,903,Fraud Detected,2025-10-22 13:31:38
562,859,Transaction Rejected,2025-09-30 04:49:36
563,1000,Transaction Approved,2025-12-04 07:24:05
564,23,Fraud Detected,2025-11-30 19:40:21
565,206,Transaction Rejected,2025-11-07 17:33:07
566,369,Transaction Rejected,2025-12-19 00:41:29
567,736,Transaction Created,2025-12-01 06:09:10
568,757,Transaction Updated,2026-01-21 01:26:30
569,187,Transaction Updated,2026-03-23 00:08:52
570,294,Transaction Created,2026-03-06 21:05:42
571,994,Transaction Rejected,2025-08-29 15:48:15
572,868,Transaction Updated,2026-05-24 14:05:55
573,175,Transaction Created,2026-05-23 00:31:47
574,859,Transaction Created,2026-02-16 05:39:28
575,236,Transaction Approved,2026-03-30 06:35:37
576,900,Fraud Detected,2025-10-31 05:00:00
577,244,Transaction Updated,2026-05-12 00:21:01
578,666,Transaction Approved,2026-04-12 04:54:31
579,633,Transaction Updated,2025-10-29 15:52:20
580,609,Transaction Updated,2026-05-04 04:07:57
581,330,Transaction Updated,2026-01-26 22:24:36
582,947,Fraud Detected,2026-01-30 07:20:54
583,451,Transaction Rejected,2026-06-02 08:30:26
584,112,Transaction Approved,2025-10-03 05:29:08
585,36,Transaction Created,2026-06-01 11:57:10
586,792,Transaction Updated,2025-09-04 06:34:55
587,860,Transaction Updated,2026-04-18 02:12:35
588,360,Transaction Updated,2026-02-17 19:05:16
589,123,Transaction Rejected,2025-10-17 16:04:24
590,15,Fraud Detected,2025-10-04 13:41:08
591,217,Transaction Updated,2025-10-19 11:16:29
592,601,Transaction Rejected,2026-01-15 10:04:48
593,489,Transaction Rejected,2025-12-23 02:22:29
594,245,Transaction Created,2026-06-03 08:17:08
595,205,Transaction Updated,2026-07-06 00:39:54
596,810,Transaction Created,2026-06-05 19:22:45
597,612,Fraud Detected,2025-07-15 14:58:51
598,518,Transaction Rejected,2026-04-17 00:19:44
599,552,Transaction Approved,2026-05-26 14:35:21
600,814,Transaction Rejected,2026-01-24 18:09:11
601,681,Transaction Approved,2025-11-28 13:05:30
602,738,Transaction Created,2025-10-02 01:20:46
603,753,Transaction Rejected,2025-10-25 02:43:31
604,287,Transaction Approved,2026-05-15 00:56:44
605,832,Transaction Updated,2026-04-19 06:13:23
606,549,Transaction Updated,2025-07-23 10:36:39
607,196,Transaction Created,2025-11-05 11:01:12
608,340,Fraud Detected,2026-06-06 09:15:01
609,119,Transaction Updated,2026-04-30 12:49:54
610,151,Fraud Detected,2025-12-29 13:09:13
611,378,Transaction Rejected,2025-11-23 15:39:17
612,415,Transaction Created,2026-06-09 05:58:30
613,583,Transaction Created,2025-07-18 00:58:55
614,62,Transaction Updated,2026-05-09 04:54:09
615,564,Transaction Created,2026-01-26 20:44:50
616,603,Transaction Rejected,2026-06-21 12:54:48
617,218,Transaction Approved,2025-10-18 16:15:15
618,797,Transaction Created,2025-12-14 19:00:28
619,248,Transaction Rejected,2025-09-13 04:29:26
620,980,Transaction Rejected,2026-02-01 07:25:14
621,344,Transaction Approved,2025-08-04 02:21:04
622,944,Transaction Rejected,2025-09-13 16:24:30
623,686,Fraud Detected,2025-11-07 17:29:47
624,838,Transaction Approved,2025-12-11 10:11:48
625,159,Fraud Detected,2025-08-06 07:19:32
626,708,Transaction Approved,2025-09-18 14:58:43
627,196,Transaction Updated,2025-10-24 11:31:52
628,563,Transaction Updated,2025-08-27 09:50:08
629,270,Transaction Rejected,2025-12-12 08:50:34
630,264,Fraud Detected,2025-08-18 14:59:45
631,886,Transaction Approved,2026-04-06 09:52:12
632,743,Transaction Updated,2025-12-17 10:33:03
633,872,Transaction Approved,2026-04-15 20:28:37
634,884,Transaction Rejected,2026-05-02 05:38:25
635,226,Transaction Updated,2025-08-15 07:02:52
636,477,Transaction Updated,2025-11-17 14:12:39
637,561,Transaction Rejected,2025-10-18 03:15:50
638,729,Transaction Updated,2026-05-26 01:14:16
639,923,Fraud Detected,2026-05-16 12:59:20
640,905,Transaction Created,2025-12-23 16:47:45
641,636,Transaction Approved,2026-04-06 08:03:04
642,757,Transaction Rejected,2026-01-26 21:32:32
643,910,Transaction Updated,2025-10-18 00:32:28
644,518,Transaction Approved,2026-05-13 15:28:42
645,267,Transaction Created,2026-02-11 09:32:05
646,210,Transaction Rejected,2026-04-11 06:25:51
647,187,Fraud Detected,2026-05-03 00:15:27
648,659,Transaction Rejected,2025-08-24 04:16:39
649,701,Fraud Detected,2025-10-09 08:01:54
650,192,Transaction Created,2025-07-21 21:02:04
651,406,Transaction Rejected,2026-02-11 13:47:08
652,857,Transaction Approved,2026-03-08 09:37:25
653,684,Transaction Approved,2025-07-20 22:55:11
654,786,Transaction Created,2026-04-01 02:14:10
655,736,Transaction Updated,2026-01-15 04:33:46
656,589,Transaction Rejected,2026-03-30 13:24:25
657,57,Transaction Approved,2025-07-22 10:09:03
658,707,Transaction Updated,2026-04-24 04:11:41
659,392,Transaction Rejected,2026-02-06 19:36:36
660,342,Transaction Created,2026-03-17 12:49:29
661,314,Transaction Rejected,2026-03-30 03:23:46
662,793,Transaction Rejected,2025-10-31 06:48:01
663,355,Transaction Updated,2026-01-06 00:44:10
664,254,Transaction Created,2025-09-19 18:51:32
665,144,Transaction Updated,2026-04-05 01:12:45
666,625,Transaction Created,2025-08-27 23:24:26
667,256,Transaction Approved,2025-08-27 10:43:42
668,340,Transaction Rejected,2025-11-29 00:28:43
669,185,Transaction Created,2025-10-16 08:10:17
670,760,Transaction Created,2025-08-19 11:20:07
671,692,Transaction Rejected,2026-07-05 02:50:07
672,606,Transaction Created,2026-05-19 11:57:36
673,298,Transaction Created,2026-01-05 11:49:14
674,68,Transaction Rejected,2026-07-02 21:19:43
675,324,Transaction Rejected,2025-10-07 07:36:51
676,423,Fraud Detected,2026-07-05 08:38:50
677,77,Transaction Created,2025-08-19 18:55:25
678,864,Transaction Created,2026-04-13 23:37:50
679,988,Transaction Approved,2026-05-22 02:10:21
680,82,Fraud Detected,2026-02-15 22:46:38
681,953,Transaction Approved,2026-01-02 00:08:58
682,371,Transaction Approved,2025-08-12 11:08:59
683,528,Transaction Rejected,2026-06-23 03:35:25
684,34,Transaction Updated,2026-06-04 23:28:10
685,221,Transaction Rejected,2025-12-14 02:04:37
686,629,Transaction Created,2025-10-21 21:45:27
687,314,Transaction Created,2025-08-03 05:54:37
688,605,Transaction Approved,2026-05-06 03:23:25
689,660,Transaction Rejected,2026-02-09 22:29:55
690,531,Transaction Rejected,2025-08-08 06:15:40
691,601,Transaction Updated,2025-07-20 00:39:48
692,140,Transaction Rejected,2025-09-28 16:12:38
693,879,Fraud Detected,2026-04-27 22:58:04
694,277,Transaction Created,2026-03-18 05:45:05
695,612,Transaction Approved,2025-11-27 21:48:59
696,262,Transaction Created,2026-06-19 06:44:47
697,382,Fraud Detected,2025-11-15 06:17:18
698,942,Transaction Rejected,2026-03-20 02:31:27
699,427,Transaction Updated,2025-12-12 11:06:52
700,694,Transaction Created,2025-08-22 16:02:33
701,589,Transaction Approved,2025-10-03 02:25:30
702,964,Transaction Approved,2026-06-26 04:13:50
703,92,Transaction Approved,2025-08-13 21:15:33
704,374,Transaction Approved,2026-05-04 22:36:34
705,278,Transaction Created,2025-11-05 02:46:17
706,644,Transaction Created,2026-02-26 14:20:17
707,247,Transaction Approved,2026-06-30 11:35:52
708,503,Transaction Approved,2026-06-19 16:03:51
709,148,Transaction Rejected,2025-11-16 16:58:27
710,986,Transaction Created,2026-06-26 03:43:27
711,524,Transaction Rejected,2026-03-09 04:25:46
712,144,Transaction Created,2026-06-12 09:47:53
713,742,Fraud Detected,2025-09-12 20:12:16
714,848,Transaction Created,2026-05-30 16:09:28
715,693,Transaction Created,2025-09-22 16:31:33
716,624,Fraud Detected,2025-08-03 05:44:08
717,129,Fraud Detected,2025-07-30 12:17:09
718,956,Fraud Detected,2025-09-22 23:03:02
719,711,Transaction Approved,2026-02-11 04:01:41
720,335,Transaction Approved,2025-07-11 22:27:40
721,659,Transaction Approved,2026-06-13 15:31:46
722,379,Transaction Approved,2026-04-19 18:27:28
723,151,Transaction Rejected,2025-12-19 22:16:49
724,677,Transaction Approved,2026-06-24 13:12:02
725,879,Transaction Created,2026-06-17 06:25:39
726,626,Transaction Created,2025-08-12 18:51:37
727,532,Transaction Approved,2025-10-24 03:51:49
728,392,Fraud Detected,2025-09-07 05:37:24
729,714,Transaction Approved,2026-05-02 12:20:54
730,891,Transaction Updated,2025-12-19 15:39:35
731,61,Transaction Created,2025-09-30 02:42:49
732,307,Transaction Updated,2026-05-24 06:38:02
733,867,Transaction Created,2026-01-29 14:48:54
734,750,Transaction Approved,2026-06-02 16:52:14
735,316,Transaction Updated,2025-08-28 17:56:30
736,426,Transaction Approved,2026-01-09 16:10:06
737,657,Transaction Created,2025-12-13 17:39:35
738,161,Transaction Approved,2026-01-08 21:48:44
739,994,Transaction Created,2025-10-18 09:52:53
740,181,Fraud Detected,2025-10-26 04:10:08
741,296,Transaction Updated,2025-10-11 05:08:56
742,988,Transaction Created,2025-09-27 00:59:00
743,285,Transaction Created,2026-03-26 16:54:46
744,150,Transaction Updated,2026-01-17 10:48:06
745,986,Transaction Approved,2025-10-02 22:59:10
746,434,Transaction Approved,2025-09-06 18:54:24
747,117,Transaction Created,2026-03-15 19:15:13
748,260,Fraud Detected,2026-06-05 05:39:16
749,309,Transaction Updated,2025-11-24 19:33:47
750,78,Transaction Updated,2026-05-09 12:18:29
751,257,Transaction Approved,2026-05-28 18:30:27
752,586,Fraud Detected,2025-07-16 18:20:44
753,276,Fraud Detected,2025-09-30 00:49:35
754,383,Transaction Rejected,2025-12-15 10:06:11
755,217,Fraud Detected,2026-02-08 23:36:28
756,467,Transaction Created,2025-08-24 23:44:09
757,76,Fraud Detected,2026-06-10 17:07:10
758,266,Transaction Approved,2026-01-30 05:01:16
759,298,Transaction Approved,2025-08-02 17:19:41
760,623,Transaction Rejected,2026-06-17 05:58:15
761,448,Transaction Approved,2025-12-07 01:29:23
762,888,Fraud Detected,2025-09-13 12:58:43
763,897,Transaction Created,2025-09-09 04:23:37
764,6,Transaction Approved,2026-05-30 23:17:17
765,737,Transaction Rejected,2026-04-09 12:49:53
766,578,Fraud Detected,2026-03-16 19:41:42
767,270,Transaction Created,2026-04-01 12:00:11
768,317,Transaction Rejected,2026-05-23 00:41:32
769,526,Transaction Created,2026-04-25 07:42:35
770,221,Transaction Updated,2026-02-08 07:35:25
771,946,Transaction Created,2026-06-29 01:38:51
772,443,Fraud Detected,2025-07-15 22:48:15
773,9,Transaction Approved,2026-05-02 18:16:46
774,505,Transaction Updated,2026-05-27 20:08:16
775,274,Fraud Detected,2026-03-03 16:13:09
776,429,Transaction Rejected,2026-04-30 15:01:50
777,807,Transaction Rejected,2026-02-17 09:59:19
778,811,Transaction Updated,2026-03-04 15:11:20
779,13,Transaction Approved,2026-05-29 11:33:31
780,29,Transaction Approved,2026-03-10 11:32:24
781,173,Transaction Updated,2025-10-08 21:15:34
782,622,Fraud Detected,2025-10-30 01:43:10
783,920,Transaction Rejected,2025-11-11 22:17:42
784,69,Fraud Detected,2025-07-27 22:57:29
785,729,Transaction Created,2026-07-06 18:50:45
786,678,Transaction Approved,2025-10-05 16:22:13
787,407,Transaction Created,2025-08-22 23:01:51
788,416,Transaction Created,2025-10-21 21:00:44
789,821,Transaction Created,2026-02-07 00:18:31
790,41,Fraud Detected,2026-07-08 06:19:18
791,785,Fraud Detected,2026-04-21 21:42:20
792,831,Transaction Rejected,2025-11-29 11:16:04
793,199,Fraud Detected,2026-05-15 12:28:42
794,536,Transaction Approved,2025-12-02 02:47:11
795,371,Transaction Approved,2026-05-14 10:41:50
796,632,Transaction Updated,2025-11-13 03:48:21
797,738,Transaction Created,2025-09-13 07:58:10
798,244,Transaction Approved,2026-04-25 14:34:03
799,61,Transaction Rejected,2025-08-14 03:34:18
800,322,Transaction Approved,2026-02-14 20:35:11
