ben_id,cust_id,ben_name,bank_name
1,333,Myrtie Reck,Canara Bank
2,65,Bianca Abrashkov,HDFC
3,490,Wes Shardlow,Axis Bank
4,45,Cirstoforo Cambden,ICICI
5,485,Nettle Egginson,HDFC
6,486,Dannye Rubinlicht,HDFC
7,70,Charis Hartnup,IOB
8,259,Lindy Kumar,ICICI
9,474,Daniel Doghartie,HDFC
10,223,Elga Flattman,IOB
11,26,Geoffry Menis,Axis Bank
12,293,Gussy Shoulder,IOB
13,97,Nappy Ferryn,Indian Bank
14,279,Teirtza Hamelyn,IOB
15,110,Cordelie Molder,HDFC
16,159,Angelika Bartell,Canara Bank
17,98,Vida Stivani,HDFC
18,417,Ginnie Willmer,Axis Bank
19,377,Joelle Gyppes,Indian Bank
20,287,Zora de Chastelain,Canara Bank
21,327,Porty Harsnep,SBI
22,334,Brit Hesse,HDFC
23,307,Moishe Ongin,Canara Bank
24,407,Crystal Machen,IOB
25,379,Nonie O'Lagene,Canara Bank
26,330,Bryn Preedy,HDFC
27,84,Andeee Denver,Canara Bank
28,405,Axe Fortnum,ICICI
29,465,Janine Deniske,SBI
30,369,Bryn Sneller,Indian Bank
31,269,Flossi Gorham,IOB
32,474,Starlin Livard,Axis Bank
33,194,Estel Linham,HDFC
34,208,Mavra Duffil,HDFC
35,128,Martita Gricks,Indian Bank
36,199,Earlie Matschek,SBI
37,399,Marcile Hugnin,Indian Bank
38,235,Jermaine Cockcroft,Canara Bank
39,317,Hurleigh Pollett,IOB
40,28,Avie Norsister,SBI
41,166,Robinet Hallad,HDFC
42,454,Bernelle Rowswell,Axis Bank
43,459,Aymer Goold,Indian Bank
44,30,Coletta Garaghan,ICICI
45,86,Hyacinth Luchelli,Axis Bank
46,474,Candice Schumacher,Axis Bank
47,247,Austin Michin,IOB
48,351,Maurise Craster,ICICI
49,244,Cherey Jereatt,SBI
50,159,Giacopo Ingledow,Canara Bank
51,6,Timoteo Gebbie,Axis Bank
52,43,Lon Barhem,Canara Bank
53,27,Laurette Griffey,ICICI
54,451,Bar Oaker,HDFC
55,307,Che Silk,Axis Bank
56,136,Errick Kubasiewicz,IOB
57,405,Enrico Drinkwater,HDFC
58,24,Adolpho Kelson,SBI
59,205,Netty Le Lievre,IOB
60,300,Torin Rusted,Canara Bank
61,395,Cassaundra O'Cridigan,HDFC
62,22,Granny Dales,IOB
63,48,Tildie Halden,SBI
64,369,Brier Eubank,Indian Bank
65,273,Crin Gallaway,ICICI
66,371,Cary Karoly,Canara Bank
67,160,Caril Agates,HDFC
68,38,Lefty Dionisio,HDFC
69,459,Tremaine Ellul,ICICI
70,128,Glyn Canty,SBI
71,21,Artemis Hanscome,HDFC
72,237,Arlena Labrom,IOB
73,50,Shawna Cathenod,Axis Bank
74,326,Adlai Rosson,IOB
75,119,Cori Chadburn,Axis Bank
76,347,Ancell Polk,Indian Bank
77,211,Grete Gregersen,IOB
78,213,Rutger Gaggen,IOB
79,309,Gare Humpatch,Axis Bank
80,299,Dacie Measor,HDFC
81,257,Dixie Vaughan,Axis Bank
82,20,Laney Petasch,SBI
83,373,Malena Semeniuk,HDFC
84,225,Andrei Youde,ICICI
85,491,Simone Gallaher,SBI
86,176,Rockwell Bantick,Indian Bank
87,427,Chadwick Broggetti,ICICI
88,261,Nolly Blabie,Indian Bank
89,134,Rafaela Blune,Canara Bank
90,442,Shandra Fierman,Axis Bank
91,340,Zilvia Morphey,HDFC
92,5,Milzie Lune,Axis Bank
93,397,Electra Van Hove,Axis Bank
94,493,Wilfred Paddell,Indian Bank
95,243,Cheri O'Nion,SBI
96,342,Jessamine Cockle,Indian Bank
97,381,Jeanna Matteau,ICICI
98,180,Valida Soggee,Canara Bank
99,223,Nicolea Trownson,Canara Bank
100,373,Stephenie Dugmore,HDFC
101,374,Reg Winspeare,Canara Bank
102,410,Vitoria Kerby,SBI
103,127,Sholom Jarlmann,IOB
104,66,Gerta Ferrulli,Indian Bank
105,351,Zerk Sanbroke,Axis Bank
106,319,Jerad Tothe,Indian Bank
107,164,Dimitry Corness,SBI
108,457,Chalmers Verrell,Indian Bank
109,262,Katinka Shipcott,Indian Bank
110,305,Auria Fernando,Axis Bank
111,2,William Reisen,SBI
112,46,Hermine Cockle,IOB
113,244,Lem Mauchline,Indian Bank
114,168,Dacie Tuison,Axis Bank
115,34,Adaline Siret,IOB
116,27,Chloris Giacomelli,Canara Bank
117,460,Mabel Worling,IOB
118,119,Callida Yegorchenkov,ICICI
119,217,Olly Rapsey,IOB
120,192,Kalle Reilly,IOB
121,257,Nanice Plascott,Axis Bank
122,211,Dougie Divver,Indian Bank
123,19,Gawen Peret,ICICI
124,465,Clarissa Ixor,HDFC
125,99,Findlay Arnett,Indian Bank
126,474,Andriana Gaspard,Indian Bank
127,381,Wendell Roglieri,Axis Bank
128,220,Siusan Stitt,HDFC
129,323,Henrieta Jaukovic,SBI
130,42,Arlyn Lilian,Canara Bank
131,470,Shirl Simonetti,Axis Bank
132,398,Deloris Ragbourne,Canara Bank
133,192,Rosemarie Baudone,IOB
134,424,Huntley Longhurst,Canara Bank
135,241,Nari McKennan,IOB
136,386,Davita Scarsbrooke,IOB
137,356,Armin Mosdill,SBI
138,425,Valera Janikowski,HDFC
139,190,Atlanta Radden,Canara Bank
140,232,Dasha Pichmann,SBI
141,94,Chaunce Scarce,Canara Bank
142,459,Maddy Flockhart,HDFC
143,75,Robinson Vanichkov,ICICI
144,444,Boris Parsell,HDFC
145,436,Desdemona Sansome,IOB
146,262,Mayne Howland,ICICI
147,283,Laure Gelsthorpe,Axis Bank
148,42,Shir Wenn,HDFC
149,442,Robin Murrhaupt,ICICI
150,152,Anabelle Holde,HDFC
151,321,Irving Duell,Axis Bank
152,427,Jeno Posselwhite,Axis Bank
153,30,Chrisse Lewinton,ICICI
154,259,Joan Merrall,Indian Bank
155,390,Standford Manske,IOB
156,497,Sybil Rourke,ICICI
157,47,Kalli Abbie,Canara Bank
158,281,Batholomew Nobbs,ICICI
159,164,Gay Filtness,Axis Bank
160,246,Spike Revely,ICICI
161,196,Wilone Hymor,Canara Bank
162,203,Allyn Birchner,ICICI
163,11,Gerri Knowlys,ICICI
164,19,Anet Gallear,Canara Bank
165,259,Ashien Attreed,ICICI
166,337,Trefor Luxon,Axis Bank
167,343,Issi Glowach,IOB
168,416,Collen Nelson,HDFC
169,445,Jessee Eusden,ICICI
170,266,Bail Groom,IOB
171,295,Rodolphe Lorant,Axis Bank
172,341,Sebastian Colrein,SBI
173,279,Lorri Lovering,IOB
174,218,Marcello Elkins,ICICI
175,398,Kristel Schnitter,ICICI
176,462,Heywood Huckerby,Indian Bank
177,4,Alvira Tallyn,IOB
178,467,Fabien Shercliff,SBI
179,135,Asa Liddiatt,Axis Bank
180,30,Walliw Vedenisov,IOB
181,116,Trace Fritzer,Axis Bank
182,275,Eba Gull,Canara Bank
183,354,Rowe Zaple,Canara Bank
184,344,Beau Snazle,Indian Bank
185,447,Edy Espada,HDFC
186,362,Alyosha Gethin,SBI
187,254,Felipa Toffoletto,IOB
188,1,Analise Skellen,HDFC
189,17,Hakim Lyness,Canara Bank
190,278,Boote Pering,HDFC
191,367,Valentin Minnis,SBI
192,220,Denney Duffin,Indian Bank
193,95,Cyril Kohrt,ICICI
194,115,Reamonn Dawtrey,Axis Bank
195,208,Hurlee Perigeaux,HDFC
196,28,Maurits Hedman,HDFC
197,52,Johnna FitzAlan,SBI
198,356,Monika Durden,Indian Bank
199,64,Kincaid Kirkam,HDFC
200,176,Clementius Lishmund,ICICI
201,48,Jeramie Deschelle,ICICI
202,64,Chryste Neads,Indian Bank
203,189,Devondra Fillary,Canara Bank
204,413,Abbey Wozencroft,IOB
205,353,Brian Belden,Axis Bank
206,293,Gabrielle Spires,HDFC
207,127,Antonina Garrood,IOB
208,39,Madel Lesurf,IOB
209,355,Betteanne Delgadillo,SBI
210,362,Paxton Raulin,ICICI
211,431,Quintina Kettow,Indian Bank
212,103,Percival Cadogan,IOB
213,16,Haily Agar,IOB
214,286,Simmonds Caspell,Indian Bank
215,59,Violante Workman,ICICI
216,28,Wendall Dikes,Canara Bank
217,100,Nelle Penning,HDFC
218,380,Andi Lipman,Axis Bank
219,469,Elden Lewins,IOB
220,187,Eilis Kendrick,ICICI
221,172,Angeli Amerighi,SBI
222,31,Clarine Han,SBI
223,496,Manfred Popeley,HDFC
224,375,Vivian Ganderton,Canara Bank
225,432,Pammie Hebbron,Axis Bank
226,485,Pernell Belfelt,ICICI
227,130,Trish Lashford,SBI
228,352,Elliott Baleine,HDFC
229,371,Stephen Fauguel,Axis Bank
230,21,Anita M'Quharg,HDFC
231,118,Danni Ryles,Axis Bank
232,345,Kienan Okeshott,Axis Bank
233,340,Katuscha Driutti,ICICI
234,20,Erma Hollyman,SBI
235,272,Wendie Packer,HDFC
236,97,Cathrin Polet,Axis Bank
237,387,Francesca Coaten,IOB
238,95,Dominic Cantor,HDFC
239,376,Janette Huegett,IOB
240,403,Misty Creamer,IOB
241,164,Bobbee Hamilton,Axis Bank
242,491,Karoly Bohje,Indian Bank
243,98,Tressa Blyth,Canara Bank
244,99,Justina Simione,HDFC
245,59,Sully Cupitt,ICICI
246,51,Freeman Ludman,HDFC
247,149,Winfield Barnham,IOB
248,145,Fionnula De Bernardis,IOB
249,313,Davin Van Baaren,Axis Bank
250,296,Stephana Whewill,Axis Bank
251,338,Raynor Chartman,Indian Bank
252,374,Gunther Dunbar,ICICI
253,115,Marielle Brocking,HDFC
254,159,Tommie Burcombe,ICICI
255,27,Christyna Grisenthwaite,HDFC
256,228,Beauregard Matthewes,IOB
257,186,Ameline Tamas,SBI
258,164,Shepperd Tulloch,HDFC
259,245,Justinian Eilhersen,IOB
260,86,Angelita Hiscocks,IOB
261,423,Jimmie Dufaire,SBI
262,66,Quintus Redmore,ICICI
263,467,Matelda Geharke,IOB
264,147,Napoleon Gery,HDFC
265,282,Marlane Phillips,SBI
266,421,Ralf Tender,IOB
267,310,Estevan Dunrige,Canara Bank
268,41,Edee Eglin,Axis Bank
269,429,Bobbe Lennon,IOB
270,459,Archaimbaud Van der Beken,Indian Bank
271,394,Ramsey Langdridge,SBI
272,421,Mead Biggin,IOB
273,330,Carroll Sparks,HDFC
274,116,Mag Blees,Indian Bank
275,466,Sanderson D'Almeida,Axis Bank
276,144,Elsinore Fleckness,Canara Bank
277,49,Dael Wolledge,ICICI
278,209,Doroteya Devanny,Axis Bank
279,131,Klemens Bennough,SBI
280,261,Rena Wiersma,Canara Bank
281,486,Lucias Petrashkov,Axis Bank
282,289,Clari Sigge,Canara Bank
283,69,Roze Grogor,Indian Bank
284,387,Tuesday Brolan,ICICI
285,182,Maribeth Strotton,SBI
286,12,Carling Rigmond,ICICI
287,63,Sayres Puffett,ICICI
288,22,Fernando Ferrarello,SBI
289,115,Joella Chong,ICICI
290,380,Dicky Plumridge,Canara Bank
291,184,Kare Chatwood,HDFC
292,492,Selena Legrice,SBI
293,416,Stearne Rutty,IOB
294,23,Lemuel Figliovanni,Canara Bank
295,318,Stephanus McQueen,HDFC
296,166,Ferdy Morrison,ICICI
297,308,Holli Showler,Axis Bank
298,431,Berne Fydoe,HDFC
299,162,Gus Cazin,SBI
300,321,Hobey Matis,Indian Bank
301,123,Bebe Jahns,Axis Bank
302,62,Marcello McNab,Indian Bank
303,157,Andie Prestige,IOB
304,151,Korie Pratte,Axis Bank
305,399,Morgen Reichelt,Axis Bank
306,452,Antonetta Querree,ICICI
307,38,Roselin Scain,IOB
308,465,Annmaria Roscrigg,SBI
309,262,Odetta Kirtley,Canara Bank
310,301,Sheryl Grolle,Axis Bank
311,31,Jonell Byford,ICICI
312,180,Rhianna Bingley,Canara Bank
313,373,Wilie Cammock,Canara Bank
314,35,Gal Fairbank,Axis Bank
315,338,Gipsy Mottershead,ICICI
316,347,Lorelle Salkild,HDFC
317,215,Wilt MacSwayde,HDFC
318,94,Fran Leming,Axis Bank
319,473,Judye Lomond,Canara Bank
320,387,Adrian Londsdale,SBI
321,238,Bidget Meijer,Axis Bank
322,394,Grange MacShirrie,Canara Bank
323,17,Kamila Cowin,Canara Bank
324,258,Valentino Castillon,IOB
325,129,Anton Tabram,ICICI
326,366,Reine Ebrall,IOB
327,171,Denney Hillhouse,SBI
328,305,Nari Ivanin,IOB
329,322,Antonietta Bartolomeotti,HDFC
330,190,Aime Curbishley,Canara Bank
331,270,Cynde Duckerin,SBI
332,434,Elsworth Gillogley,ICICI
333,392,Layton Spurrier,Indian Bank
334,129,Ingaberg Nollet,IOB
335,205,Margareta Coytes,ICICI
336,186,Leanora Benettelli,HDFC
337,331,Monika Agneau,Indian Bank
338,204,Sonnnie Bole,ICICI
339,103,Lynsey Bramo,SBI
340,57,Cori Piegrome,IOB
341,40,Helen Colqueran,Canara Bank
342,482,Adelheid Branscomb,ICICI
343,250,Dwain Ralphs,Axis Bank
344,2,Rena Ivanonko,IOB
345,292,Wenonah Pfaffel,SBI
346,260,Salome Sibthorp,SBI
347,175,Skipper Stitt,ICICI
348,479,Merwyn Castellanos,SBI
349,19,Alaric Sach,IOB
350,192,Tobias Kettle,HDFC
351,246,Saunder Suttaby,Axis Bank
352,204,Loren Gluyus,SBI
353,17,Monica Yerrill,IOB
354,71,Sofie Rigler,ICICI
355,174,Andy Crowthe,Axis Bank
356,210,Cati Borth,Axis Bank
357,143,Irena Fenners,IOB
358,329,Cesya Barthrup,ICICI
359,15,Moss Roussel,Canara Bank
360,177,Rudiger Fairbard,ICICI
361,131,Banky Ironmonger,IOB
362,175,Jasmin Vaney,IOB
363,372,Charis Cleverley,IOB
364,472,Hewie Vereker,IOB
365,205,Gretel Pigeram,Canara Bank
366,224,Bathsheba Jeyes,ICICI
367,211,Giacopo Micklewicz,Indian Bank
368,27,Modesty Caroll,Axis Bank
369,142,Nonna Kehoe,SBI
370,318,Allister Hamly,HDFC
371,491,Lawry Boncoeur,HDFC
372,271,Pauli Jobke,ICICI
373,467,Ibbie Jansema,HDFC
374,78,Alia Matterface,Canara Bank
375,123,Lucie Daughtrey,ICICI
376,296,Alfreda Canto,SBI
377,363,Sheilakathryn Mitchenson,Indian Bank
378,275,Afton Caseri,Canara Bank
379,72,La verne Tottie,HDFC
380,50,Joann Durrad,SBI
381,79,Saxe Cossum,HDFC
382,60,Muffin Emilien,Canara Bank
383,438,Claudia Swalowe,Canara Bank
384,433,Nady Bend,SBI
385,310,Minerva Sciacovelli,Indian Bank
386,243,Berkly Beningfield,Indian Bank
387,134,Evelyn Sidey,Axis Bank
388,82,Humfrid Pomroy,ICICI
389,439,Kingsley Munford,IOB
390,111,Ransom Killingsworth,Canara Bank
391,44,Neilla Shevels,Indian Bank
392,382,Brooks Scotchmoor,SBI
393,113,Shirleen Bowcock,Indian Bank
394,147,Shandee Pearcehouse,HDFC
395,376,Timothea Blasetti,Canara Bank
396,286,Lanette Olech,Axis Bank
397,195,Broderic Maker,HDFC
398,315,Giordano Grunbaum,ICICI
399,122,Ingemar Fairbridge,ICICI
400,205,Hillyer Coverdale,SBI
401,444,Jo-anne Rosewall,Canara Bank
402,187,Ramona Woolaghan,SBI
403,350,Hendrik Wauchope,Indian Bank
404,38,Katti Marsy,ICICI
405,370,Normand Bowley,SBI
406,431,Frederick Da Costa,ICICI
407,493,Petronia Vereker,Canara Bank
408,101,Merrili Pell,SBI
409,290,Georgeta Normavell,ICICI
410,250,Luisa Lown,Axis Bank
411,423,Antony Ronchka,SBI
412,175,Salome Hugo,SBI
413,445,Pansie Anthill,Axis Bank
414,342,Linnell Tamlett,Indian Bank
415,85,Joel Hurlston,Canara Bank
416,273,Ninon Bucklan,ICICI
417,391,Doris Philps,Indian Bank
418,23,Joete Geeson,Canara Bank
419,376,Rinaldo Burder,Indian Bank
420,54,Garwood Saywood,Canara Bank
421,262,Adriena Phinnis,Axis Bank
422,384,Gabbey Egell,Indian Bank
423,213,Raimondo MacInnes,IOB
424,196,Waldon Wasiela,SBI
425,236,Lynne Stenson,HDFC
426,404,Klarika Moughton,Indian Bank
427,43,Tiphanie Leatherborrow,SBI
428,165,Onida Piers,HDFC
429,488,Gertrudis Simchenko,SBI
430,423,Timmie Livingston,Canara Bank
431,301,Rutherford Winstanley,Canara Bank
432,385,Ferdinanda McIlhone,HDFC
433,285,Tuckie Cherrett,IOB
434,109,Gale Banes,SBI
435,137,Forster Brissard,IOB
436,397,Maddy Hawkshaw,SBI
437,189,Hazel Hargrove,Axis Bank
438,81,Hailee Chapelhow,Axis Bank
439,68,Byron Caslake,SBI
440,400,Bevin Finnigan,Canara Bank
441,237,Berty McGarrity,Axis Bank
442,113,Dion Fri,Indian Bank
443,113,Archibaldo Camblin,Axis Bank
444,74,William Roycroft,SBI
445,427,Aeriela Dyne,Canara Bank
446,122,Esteban Corhard,IOB
447,284,Yardley Cosby,Axis Bank
448,439,York Piesing,IOB
449,398,Roby Relton,Axis Bank
450,400,Derron Bonnor,ICICI
451,184,Ethelred Allchin,HDFC
452,389,Maribelle Matthai,Canara Bank
453,373,Shelagh Dingate,ICICI
454,139,Erroll Keeble,Indian Bank
455,394,Adoree Tizzard,HDFC
456,182,Gabbi Foss,HDFC
457,423,Loleta Kingett,Canara Bank
458,14,Natka Marshalleck,ICICI
459,437,Danika Southwick,IOB
460,354,Colan Spears,ICICI
461,152,Annelise Roy,IOB
462,89,Ewell Valadez,HDFC
463,86,Almire Evert,HDFC
464,279,Monty Bodocs,IOB
465,84,Chucho Cumine,HDFC
466,141,Janel Grishaev,Canara Bank
467,84,Abbye Seamon,Axis Bank
468,122,Farley Graybeal,IOB
469,353,Bab Kloss,Indian Bank
470,300,Jodee Haville,Canara Bank
471,255,Laetitia Bortolozzi,Indian Bank
472,185,Cassey Yashin,HDFC
473,409,Keary Halladey,SBI
474,218,Vikky Hairs,Indian Bank
475,164,Emmit Yarr,Axis Bank
476,282,Meris Gratland,SBI
477,141,Ashley Drewet,SBI
478,212,Emiline Rivard,SBI
479,371,Karoly Derry,HDFC
480,311,Dru Lowson,HDFC
481,117,Dolli Kaminski,ICICI
482,366,Kahlil McLaughlin,IOB
483,370,Haley Ponter,HDFC
484,369,Natalie Brandsen,IOB
485,321,Cory Mosedall,SBI
486,174,Jeane Inmett,ICICI
487,246,Johannes Cloney,Axis Bank
488,408,Callean Lysaght,Indian Bank
489,147,Gunther Allison,Indian Bank
490,37,Tris Barracks,HDFC
491,109,Alasdair Mott,SBI
492,121,Leopold Hunnywell,Canara Bank
493,260,Berrie Donnan,Indian Bank
494,29,Andreas Quene,Indian Bank
495,270,Karin Lerwell,Axis Bank
496,364,Sanson Thorburn,IOB
497,372,Bree Rahill,SBI
498,215,Andros Thrasher,ICICI
499,57,Granville Hamp,SBI
500,137,Harriett Wallbrook,Indian Bank
501,483,Wandie Charman,ICICI
502,197,Raimundo Longworthy,Canara Bank
503,41,Isador Raspison,Canara Bank
504,170,Thomasa Ivoshin,Indian Bank
505,388,Ellene Beurich,HDFC
506,347,Morena Stedmond,HDFC
507,25,Trumann Cumesky,Canara Bank
508,259,Cob Athy,Canara Bank
509,398,Irwin Clinnick,Canara Bank
510,467,Aldis Faier,Canara Bank
511,325,Hakim Chishull,ICICI
512,300,Osbourne Avraham,Indian Bank
513,293,Jacintha Albrook,Axis Bank
514,24,Katharina Malyan,Axis Bank
515,446,Caspar Larkcum,IOB
516,245,Kalli Speakman,Axis Bank
517,115,Frankie Robertson,Canara Bank
518,9,Freedman Liddell,SBI
519,398,Cathe Heather,ICICI
520,411,Josephina Cluckie,HDFC
521,155,Lexi Ivy,SBI
522,496,Kelly Cud,SBI
523,387,Billy Growden,Canara Bank
524,367,Lanny Pheasant,SBI
525,86,Dacey Ravenscraft,Canara Bank
526,190,Riva Goodinson,IOB
527,336,Federica Wanjek,IOB
528,62,Katherine Hapke,SBI
529,53,Shanda Sazio,Axis Bank
530,151,Stefa Glew,Axis Bank
531,130,Marne Chiese,ICICI
532,357,Babb Sandever,Indian Bank
533,261,Karlan Biaggetti,Axis Bank
534,449,Lenka Whinney,HDFC
535,467,Ardene Benedick,HDFC
536,320,Simmonds Jimson,Axis Bank
537,215,Leeland Babalola,ICICI
538,233,Shana Bissex,ICICI
539,177,Bo Phebey,Axis Bank
540,482,Hadrian Littlefield,Indian Bank
541,193,Malvin Luker,Indian Bank
542,94,Edwin Simmonds,Canara Bank
543,247,Orelie Esom,Canara Bank
544,140,Costa Bann,IOB
545,454,Cordula Hourstan,Indian Bank
546,181,Seka Garthside,SBI
547,86,Tanner Brambill,ICICI
548,139,Isa Sams,Indian Bank
549,164,Aksel Biasioli,Canara Bank
550,392,Sawyere Lamba,Indian Bank
551,428,Mischa Beagen,Indian Bank
552,201,Joelie Bottjer,ICICI
553,491,Leia McGillecole,Axis Bank
554,266,Melita Varney,Canara Bank
555,26,Vance McMylor,HDFC
556,198,Caroline Zanetello,Canara Bank
557,429,Georgi Wharton,IOB
558,488,Carolan Clampe,HDFC
559,495,Trevar Margery,Indian Bank
560,120,Godart Liger,ICICI
561,468,Reynolds Cross,SBI
562,29,Brewer De Ambrosi,Indian Bank
563,482,Maryann Tritton,Indian Bank
564,301,Rycca Verling,SBI
565,412,Maia Cluley,IOB
566,425,Terza McLay,Axis Bank
567,243,Burton Seares,ICICI
568,426,Pamella Baldock,HDFC
569,350,Waneta Felstead,ICICI
570,42,Benoit Wherrett,Indian Bank
571,295,Marylou Bordman,IOB
572,41,Lennard Turner,Canara Bank
573,324,Dillie Harding,Indian Bank
574,274,Salvidor Fidler,IOB
575,99,Mei Davydochkin,ICICI
576,127,Neddy Bercevelo,Canara Bank
577,377,Jessamyn Vlahos,Indian Bank
578,276,Gilli Surmeir,Canara Bank
579,2,Averyl Goodee,Canara Bank
580,417,Norry Hounsom,IOB
581,360,Sherlock McAlroy,Canara Bank
582,38,Ronnica Yousef,HDFC
583,202,Mike Brinsden,ICICI
584,104,Phillip Ondrusek,Canara Bank
585,327,Kelby Yankov,ICICI
586,257,Jesselyn Olpin,Canara Bank
587,181,Thorin Greensall,SBI
588,326,Maxine Ovid,HDFC
589,352,Clarinda Rickell,Axis Bank
590,219,Carmencita Leyshon,ICICI
591,352,Valenka Clayborn,IOB
592,228,Kristopher Metcalfe,Axis Bank
593,79,Edee Corselles,Indian Bank
594,109,Ximenez Kruszelnicki,IOB
595,470,Karita Tite,Canara Bank
596,386,Byron Dullard,IOB
597,193,Yvette Yurivtsev,HDFC
598,439,Llywellyn Currall,HDFC
599,352,Horacio Drewitt,Axis Bank
600,182,Dania O'Fogarty,HDFC
