cust_id,cust_name,phone,email,city
1,Vanya Ravel,1854018898,vravel0@omniture.com,thothukudi
2,Francklyn Dumingos,1054333304,fdumingos1@indiegogo.com,karur
3,Patric Bolderoe,7351831933,pbolderoe2@bluehost.com,thothukudi
4,Laurice Mizen,7252367435,lmizen3@sphinn.com,chennai
5,Enrichetta Clipsham,2398420675,eclipsham4@netvibes.com,namakkal
6,Kippar Atkirk,4183451348,katkirk5@yandex.ru,coimbatore
7,Mae Dover,2843336149,mdover6@amazonaws.com,coimbatore
8,Engelbert Waddoups,6392830710,ewaddoups7@trellian.com,namakkal
9,Barbabas Foard,9807550871,bfoard8@zimbio.com,salem
10,Jobie Cleminson,2647828066,jcleminson9@creativecommons.org,thothukudi
11,Jordana Schachter,2354522144,jschachtera@trellian.com,namakkal
12,Dorotea Zute,7061087444,dzuteb@usatoday.com,thothukudi
13,Licha Canedo,5584477995,lcanedoc@mozilla.org,trichy
14,Bettina Sibray,6689989335,bsibrayd@prweb.com,coimbatore
15,Ealasaid Lethcoe,9209257997,elethcoee@squidoo.com,chennai
16,Mercie Bouchier,5848450957,mbouchierf@theglobeandmail.com,dindigul
17,Jerry Grist,9611555315,jgristg@eepurl.com,madurai
18,Hymie Carmel,5924110991,hcarmelh@hp.com,dindigul
19,Fan Letertre,9037020066,fletertrei@imgur.com,madurai
20,Richie Wanek,8132284660,rwanekj@dion.ne.jp,namakkal
21,Weston Butterley,7965064051,wbutterleyk@google.pl,karur
22,Dolli Laviss,6715064970,dlavissl@vimeo.com,thanjavur
23,Korrie Capner,9947585899,kcapnerm@mapquest.com,trichy
24,Romola Garoghan,3218276053,rgaroghann@wikimedia.org,thanjavur
25,Griffith Barrs,2318994060,gbarrso@apache.org,coimbatore
26,Mickey Baton,6284200070,mbatonp@washingtonpost.com,salem
27,Amos Fulton,6835169851,afultonq@uol.com.br,dindigul
28,Marquita Moorrud,8379501004,mmoorrudr@blinklist.com,kanniyakumari
29,Cristionna Dat,5188216683,cdats@sitemeter.com,thothukudi
30,Nissy Gregr,8412876031,ngregrt@g.co,chennai
31,Selena Roser,1648512479,sroseru@house.gov,dindigul
32,Lisha McCaughey,1022879717,lmccaugheyv@ucla.edu,karur
33,Emilie Robiot,5257822900,erobiotw@jimdo.com,madurai
34,Ofelia Zupa,9091157025,ozupax@rediff.com,thothukudi
35,Leonardo Feldmann,1896103247,lfeldmanny@ftc.gov,kanniyakumari
36,Welbie Gerriets,4148829685,wgerrietsz@economist.com,salem
37,Cam Lawday,6133916107,clawday10@sitemeter.com,kanniyakumari
38,Amargo Breakey,9771592197,abreakey11@digg.com,coimbatore
39,Keen Tash,2212748537,ktash12@newyorker.com,thothukudi
40,Bobby Booley,5347224053,bbooley13@theglobeandmail.com,madurai
41,Chandler Rawcliffe,1765874684,crawcliffe14@paginegialle.it,thanjavur
42,Ivonne Chrystal,4817809210,ichrystal15@newsvine.com,namakkal
43,Evangelina Fairfoot,3117481009,efairfoot16@sciencedirect.com,madurai
44,Jolee Cuddon,1152499417,jcuddon17@scientificamerican.com,dindigul
45,Allx Winthrop,4324402291,awinthrop18@csmonitor.com,namakkal
46,Ervin Leman,5669112524,eleman19@furl.net,coimbatore
47,Carol Mattersley,3733514073,cmattersley1a@ibm.com,kanniyakumari
48,Shanda Poley,3549617817,spoley1b@uol.com.br,thothukudi
49,Andromache Jaskowicz,8283933669,ajaskowicz1c@slideshare.net,namakkal
50,Maxie Harrington,5481093382,mharrington1d@constantcontact.com,salem
51,Willi Bode,2556457135,wbode1e@mediafire.com,namakkal
52,Isidora Tupper,1743747971,itupper1f@flickr.com,thothukudi
53,Cris Arunowicz,6033901383,carunowicz1g@list-manage.com,thothukudi
54,Abbot Marqyes,2796574558,amarqyes1h@fc2.com,namakkal
55,Mal Tansly,6435048490,mtansly1i@cdc.gov,dindigul
56,Pandora Gritsunov,4802145826,pgritsunov1j@sitemeter.com,trichy
57,Roderic Josskovitz,7068737173,rjosskovitz1k@tripod.com,trichy
58,Jamil Hayden,8942298946,jhayden1l@hostgator.com,thanjavur
59,Murdoch Lewknor,4932480914,mlewknor1m@jiathis.com,namakkal
60,Milzie Saunder,4418174076,msaunder1n@unc.edu,dindigul
61,Alyosha Headings,3516102244,aheadings1o@yelp.com,chennai
62,Fidole Keymer,6725814872,fkeymer1p@1688.com,kanniyakumari
63,Murry Khristoforov,6185618907,mkhristoforov1q@webmd.com,trichy
64,Sherwood Bartos,2951241817,sbartos1r@omniture.com,trichy
65,Aprilette Bastick,5643551100,abastick1s@weibo.com,kanniyakumari
66,Perl Vedeshkin,9785584240,pvedeshkin1t@ucoz.ru,chennai
67,Fraze Moxham,8327007431,fmoxham1u@statcounter.com,trichy
68,Ludovico Smeath,2301652364,lsmeath1v@artisteer.com,kanniyakumari
69,Chad Freeth,2025185533,cfreeth1w@delicious.com,chennai
70,Rafaelita Jenton,6627042304,rjenton1x@eventbrite.com,madurai
71,Leslie Gervaise,9466572000,lgervaise1y@comsenz.com,coimbatore
72,Halie Tigner,6673510551,htigner1z@latimes.com,karur
73,Dory Losselyong,5126381457,dlosselyong20@theglobeandmail.com,thanjavur
74,Lydia Alanbrooke,2823384538,lalanbrooke21@hexun.com,dindigul
75,Heidie Lochead,5047016946,hlochead22@bbb.org,dindigul
76,Claudelle Kiddye,6344888240,ckiddye23@bandcamp.com,thothukudi
77,Miran MacDearmid,5545259058,mmacdearmid24@t-online.de,dindigul
78,Kingsley Cattlemull,6403574947,kcattlemull25@wp.com,thothukudi
79,Harlene Brandassi,6423647938,hbrandassi26@deviantart.com,namakkal
80,Jewelle Hollingby,3409301633,jhollingby27@technorati.com,karur
81,Quinn Snelling,7382212198,qsnelling28@omniture.com,kanniyakumari
82,Jane Corneck,5964742368,jcorneck29@github.io,karur
83,Doris North,2125616330,dnorth2a@noaa.gov,thanjavur
84,Karly Lush,7871996514,klush2b@simplemachines.org,namakkal
85,Alfie Tuny,3041016300,atuny2c@technorati.com,thothukudi
86,Lou Largan,8456251132,llargan2d@ft.com,kanniyakumari
87,Celene Bossons,5566568376,cbossons2e@narod.ru,karur
88,Brendin Levecque,2666862449,blevecque2f@npr.org,dindigul
89,Colver Bernardinelli,8164360687,cbernardinelli2g@technorati.com,chennai
90,Brady Cook,1294215636,bcook2h@edublogs.org,karur
91,Guillemette Salsbury,7134785238,gsalsbury2i@shinystat.com,namakkal
92,Olav Diable,1098663137,odiable2j@dailymail.co.uk,madurai
93,Barron Yuranovev,8063614613,byuranovev2k@posterous.com,thothukudi
94,Jacky Carnall,9809779359,jcarnall2l@walmart.com,thanjavur
95,Erie Parell,6451657410,eparell2m@cpanel.net,kanniyakumari
96,Billie Camous,4874452097,bcamous2n@example.com,karur
97,Dawn Durdy,7835376377,ddurdy2o@homestead.com,kanniyakumari
98,Christel Shouler,8841006014,cshouler2p@altervista.org,coimbatore
99,Valma Canellas,2907678960,vcanellas2q@redcross.org,thothukudi
100,Angeline Duxfield,9944163758,aduxfield2r@wp.com,karur
101,Hillie Jery,2706680242,hjery2s@de.vu,trichy
102,Mikel Deniskevich,3975433188,mdeniskevich2t@wunderground.com,trichy
103,Juliette Cruce,1183938847,jcruce2u@meetup.com,madurai
104,Carroll Lademann,8276732339,clademann2v@wiley.com,chennai
105,Arnuad McNutt,9812586387,amcnutt2w@t.co,trichy
106,Binni Swinney,4248567867,bswinney2x@mit.edu,namakkal
107,Wang Matysiak,2538380365,wmatysiak2y@hubpages.com,coimbatore
108,Lesly McSperron,2434785452,lmcsperron2z@hubpages.com,thothukudi
109,Phip Duling,4837568146,pduling30@etsy.com,kanniyakumari
110,Delora Bootland,8814523915,dbootland31@google.fr,madurai
111,Farlay Hainey`,3305268328,fhainey32@sciencedaily.com,dindigul
112,Derrik Ludman,7194571759,dludman33@intel.com,karur
113,Felicdad Western,4453638125,fwestern34@ocn.ne.jp,namakkal
114,Vinson Goatcher,8131618199,vgoatcher35@xinhuanet.com,chennai
115,Teddie Gargett,6624725499,tgargett36@ihg.com,trichy
116,Lowe Curedell,1349568464,lcuredell37@unicef.org,salem
117,Felipe Mack,3879270724,fmack38@amazon.co.uk,namakkal
118,Jecho Poli,7439272867,jpoli39@ebay.com,thanjavur
119,Haley Letson,2243103842,hletson3a@redcross.org,trichy
120,Mag Beagrie,7609249408,mbeagrie3b@va.gov,thanjavur
121,Anna-diane Adair,1929519936,aadair3c@goo.gl,chennai
122,Merridie Pyrke,7377480574,mpyrke3d@cyberchimps.com,namakkal
123,Marianna Laxton,2187838340,mlaxton3e@spiegel.de,chennai
124,Levi Estcourt,2777549662,lestcourt3f@last.fm,coimbatore
125,Suzette McNellis,1549068170,smcnellis3g@amazonaws.com,thanjavur
126,Waldon Abrahamian,3047158692,wabrahamian3h@ycombinator.com,chennai
127,Fallon Tuddall,4391803018,ftuddall3i@typepad.com,chennai
128,Cletis McGilben,7314311263,cmcgilben3j@archive.org,madurai
129,Sheena Arnoud,5893619690,sarnoud3k@apache.org,dindigul
130,Nicolette Graeser,2743502202,ngraeser3l@ucoz.ru,trichy
131,Arnaldo Filer,3588341911,afiler3m@simplemachines.org,salem
132,Hynda Andreone,7665285631,handreone3n@gravatar.com,dindigul
133,Lance Pilkinton,4033618906,lpilkinton3o@netlog.com,chennai
134,Trina Nerney,6994766500,tnerney3p@oakley.com,salem
135,Ban Petyt,6714022395,bpetyt3q@zimbio.com,trichy
136,Flossy Swaton,9581152499,fswaton3r@stumbleupon.com,trichy
137,Garth Glacken,1128310581,gglacken3s@miibeian.gov.cn,madurai
138,Waldon Christophe,7508288501,wchristophe3t@prlog.org,chennai
139,Yetta Shallow,5978383215,yshallow3u@cocolog-nifty.com,madurai
140,Norton Pedgrift,2802082204,npedgrift3v@cnbc.com,salem
141,Yevette Tomkowicz,3073017146,ytomkowicz3w@bizjournals.com,namakkal
142,Katharine Alf,6645657886,kalf3x@washington.edu,thanjavur
143,Merill OIlier,6478658876,moilier3y@cam.ac.uk,dindigul
144,Sile Bewlie,3122159639,sbewlie3z@umich.edu,coimbatore
145,Clem Barlass,8376391298,cbarlass40@unblog.fr,karur
146,Truda Kalker,2814748444,tkalker41@buzzfeed.com,madurai
147,Judi Benka,3267681301,jbenka42@nps.gov,namakkal
148,Elise Abrashkov,1503150195,eabrashkov43@stumbleupon.com,kanniyakumari
149,Celestia Coultas,9948530668,ccoultas44@posterous.com,coimbatore
150,Elfie Bucknill,2905933990,ebucknill45@fotki.com,kanniyakumari
151,Tessi Bevar,1713483957,tbevar46@virginia.edu,salem
152,Alysa McCathay,8146514351,amccathay47@toplist.cz,trichy
153,Kippar Bodocs,2464739576,kbodocs48@sun.com,namakkal
154,Roseann Skerm,7754000904,rskerm49@virginia.edu,namakkal
155,Rica Bonhomme,3073027119,rbonhomme4a@imdb.com,madurai
156,Karissa McCree,9064092009,kmccree4b@yelp.com,chennai
157,Hillary Mecco,9368747349,hmecco4c@over-blog.com,chennai
158,Cordie Braysher,7905080438,cbraysher4d@alibaba.com,chennai
159,Goober Towersey,2024662475,gtowersey4e@china.com.cn,namakkal
160,Lexine Linning,7677292488,llinning4f@hc360.com,thanjavur
161,Walther Macer,2603119478,wmacer4g@bluehost.com,chennai
162,Dody Canty,4871173011,dcanty4h@csmonitor.com,trichy
163,Arnaldo Paiton,7639842961,apaiton4i@nba.com,namakkal
164,Tammara Mart,7337662263,tmart4j@cam.ac.uk,dindigul
165,Lyle Dishmon,7537785082,ldishmon4k@ezinearticles.com,coimbatore
166,Chic Tharme,3895246804,ctharme4l@sina.com.cn,thanjavur
167,Renault Warn,6812149377,rwarn4m@blogspot.com,dindigul
168,Eachelle Blaze,1724904247,eblaze4n@cmu.edu,trichy
169,Zebedee Fretter,8192325594,zfretter4o@artisteer.com,thanjavur
170,Reggis Goodlatt,4669134623,rgoodlatt4p@latimes.com,dindigul
171,Sanford Brehault,5847004363,sbrehault4q@technorati.com,trichy
172,Swen Chastney,1586842444,schastney4r@facebook.com,thanjavur
173,Chloe Mucklow,3409674570,cmucklow4s@wunderground.com,coimbatore
174,Ingra Worrill,1017857251,iworrill4t@imageshack.us,trichy
175,Andonis Caile,4794572092,acaile4u@prlog.org,coimbatore
176,Britta Chazotte,5233672845,bchazotte4v@howstuffworks.com,kanniyakumari
177,Margaretha McCreagh,2478313696,mmccreagh4w@google.fr,salem
178,Gerhard Chinnock,3037376240,gchinnock4x@dyndns.org,madurai
179,Rosemary Lohmeyer,3527071042,rlohmeyer4y@sciencedaily.com,chennai
180,Hannis Creenan,9155852697,hcreenan4z@addthis.com,namakkal
181,Susie Evenett,8905095375,sevenett50@huffingtonpost.com,trichy
182,Dalila Renforth,9721208715,drenforth51@twitter.com,coimbatore
183,Dyanna Jentet,3196027639,djentet52@youtube.com,madurai
184,Aleen Beckley,6553908151,abeckley53@bloglines.com,karur
185,Der Bunney,9537664609,dbunney54@huffingtonpost.com,dindigul
186,Arabelle Studeart,8467855128,astudeart55@ask.com,coimbatore
187,Shandy Christon,7027461835,schriston56@angelfire.com,kanniyakumari
188,Mariel Risely,4786441885,mrisely57@123-reg.co.uk,thothukudi
189,Rozelle Zimek,5543036923,rzimek58@newyorker.com,madurai
190,Melloney Sumpton,9486535140,msumpton59@springer.com,chennai
191,Max Wimpey,8531073016,mwimpey5a@edublogs.org,trichy
192,Karlis Yair,6808507256,kyair5b@blinklist.com,salem
193,Aldwin Guitonneau,8616907697,aguitonneau5c@nytimes.com,chennai
194,Vivyanne Durrance,7877859571,vdurrance5d@chron.com,namakkal
195,Ephrayim Ledbetter,3256665107,eledbetter5e@purevolume.com,dindigul
196,Marv Rainger,8692395347,mrainger5f@pinterest.com,thanjavur
197,Shanon Stot,1525809435,sstot5g@marketwatch.com,trichy
198,Davidde Walsh,8858548167,dwalsh5h@europa.eu,dindigul
199,Eugenia Akett,7272069397,eakett5i@forbes.com,madurai
200,Rowe Balcers,9799838203,rbalcers5j@printfriendly.com,madurai
201,Bevan Duell,6304442456,bduell5k@yahoo.com,trichy
202,Francklyn Prugel,5507917055,fprugel5l@sourceforge.net,madurai
203,Saunders Gronaller,2395234946,sgronaller5m@netvibes.com,karur
204,Germaine Vannikov,4203696402,gvannikov5n@nba.com,madurai
205,Ches Hassen,2914204503,chassen5o@intel.com,thanjavur
206,Mary Jeacock,2017763324,mjeacock5p@gmpg.org,dindigul
207,Diego McLukie,1224281839,dmclukie5q@zdnet.com,madurai
208,Vladamir Lerner,6161214232,vlerner5r@moonfruit.com,coimbatore
209,Mic Jancic,2926651479,mjancic5s@mail.ru,salem
210,Bay Candlin,5671936265,bcandlin5t@friendfeed.com,chennai
211,Eben Beckett,2753474782,ebeckett5u@mashable.com,thothukudi
212,Sibilla Neal,7552009642,sneal5v@unc.edu,chennai
213,Lela Chatto,4132757750,lchatto5w@ox.ac.uk,chennai
214,Haleigh Maylard,9832979643,hmaylard5x@nsw.gov.au,chennai
215,Ilysa Reditt,4982639864,ireditt5y@mit.edu,namakkal
216,Stanislas Ranby,8833885297,sranby5z@php.net,madurai
217,Robby Circuit,3298599755,rcircuit60@ow.ly,namakkal
218,Goldina Macek,8968165729,gmacek61@nps.gov,thothukudi
219,Katha Marc,7192274346,kmarc62@indiegogo.com,chennai
220,Chickie Hullins,1957334786,chullins63@irs.gov,namakkal
221,Hamel Lawlor,8196701479,hlawlor64@xinhuanet.com,kanniyakumari
222,Anne Vallentin,1444599867,avallentin65@oracle.com,madurai
223,Paloma Loddy,1784233602,ploddy66@uol.com.br,thothukudi
224,Bron ffrench Beytagh,2523780482,bffrench67@vistaprint.com,salem
225,Junette Delgadillo,8982693344,jdelgadillo68@shop-pro.jp,thothukudi
226,Garrot Revell,5604457617,grevell69@squarespace.com,salem
227,Helaine Beddoe,8821459688,hbeddoe6a@hatena.ne.jp,kanniyakumari
228,Hilly Hayle,8293530046,hhayle6b@google.co.uk,coimbatore
229,Jeramey Hesse,6272585796,jhesse6c@dailymail.co.uk,dindigul
230,Wakefield Enochsson,3637825496,wenochsson6d@delicious.com,thanjavur
231,Dix Cheetam,4253456128,dcheetam6e@opera.com,karur
232,Rebeca Djordjevic,7703658256,rdjordjevic6f@jimdo.com,chennai
233,Dawn Simonich,6134959746,dsimonich6g@oakley.com,thothukudi
234,Ruthi Flowerdew,5527043271,rflowerdew6h@exblog.jp,madurai
235,Roma Schruurs,1494389821,rschruurs6i@spotify.com,trichy
236,Marline Bandy,8288675201,mbandy6j@amazon.co.uk,madurai
237,Jen Dearnaly,3644809855,jdearnaly6k@4shared.com,karur
238,Dennie Gillooly,1096462936,dgillooly6l@1688.com,salem
239,Otha Harmston,1449049393,oharmston6m@mozilla.com,coimbatore
240,Bren Tennant,1601797994,btennant6n@imdb.com,madurai
241,Vikky Rhucroft,8335786205,vrhucroft6o@washington.edu,thanjavur
242,Nevsa Linn,2447735488,nlinn6p@amazon.co.jp,namakkal
243,Reg Furmonger,3147633886,rfurmonger6q@purevolume.com,thanjavur
244,Judye Kalkofen,6647328987,jkalkofen6r@princeton.edu,kanniyakumari
245,Allix Hutcheson,7998191613,ahutcheson6s@prnewswire.com,coimbatore
246,Elonore Pritchard,7648560702,epritchard6t@posterous.com,coimbatore
247,Christina De Mattia,1815259536,cde6u@un.org,trichy
248,Dianna Dafter,9246491289,ddafter6v@vistaprint.com,trichy
249,Helaine McQuirter,7177599507,hmcquirter6w@buzzfeed.com,salem
250,Rae Matas,7518852586,rmatas6x@independent.co.uk,salem
251,Jaime Attwooll,3898784958,jattwooll6y@businessinsider.com,karur
252,Gabriela Yuryaev,4705297106,gyuryaev6z@godaddy.com,thothukudi
253,Allayne Clive,2916961119,aclive70@php.net,thanjavur
254,Iain Severy,5286341680,isevery71@hubpages.com,trichy
255,Neall Bertomieu,7678565483,nbertomieu72@intel.com,salem
256,Matilde Sinnock,5358414298,msinnock73@ycombinator.com,dindigul
257,Jourdain Lowdwell,3865765245,jlowdwell74@dailymail.co.uk,coimbatore
258,Pammy Mallinar,2722449876,pmallinar75@businessinsider.com,karur
259,Darla MacNeilley,2244163676,dmacneilley76@joomla.org,chennai
260,Aileen Dubock,3523915470,adubock77@canalblog.com,trichy
261,Mabelle Filipyev,5972328208,mfilipyev78@wsj.com,thothukudi
262,Ofella Smartman,9599417049,osmartman79@tuttocitta.it,thanjavur
263,Marci Topley,3579602153,mtopley7a@edublogs.org,thanjavur
264,Wilfrid Holstein,4286555510,wholstein7b@a8.net,coimbatore
265,Arly Dagger,3947410409,adagger7c@narod.ru,namakkal
266,Giustina Barstowk,2357761746,gbarstowk7d@angelfire.com,kanniyakumari
267,Clarey O'Deegan,5143147723,codeegan7e@sakura.ne.jp,thanjavur
268,Orson Crix,7003832909,ocrix7f@bbc.co.uk,namakkal
269,Gaylene Caldicott,6123956660,gcaldicott7g@unesco.org,thanjavur
270,Aurea Basset,1722191032,abasset7h@sina.com.cn,trichy
271,Ilsa Hammerich,3258405331,ihammerich7i@desdev.cn,coimbatore
272,Reyna Geldard,6661610699,rgeldard7j@ox.ac.uk,thothukudi
273,Cherey Dugood,2823924133,cdugood7k@sciencedaily.com,namakkal
274,Innis Cruickshank,6761538059,icruickshank7l@pen.io,thothukudi
275,Kaspar Melburg,3235346089,kmelburg7m@japanpost.jp,kanniyakumari
276,Rube Phear,3591060247,rphear7n@fotki.com,coimbatore
277,Tedda Slisby,6759695329,tslisby7o@t.co,madurai
278,Daffy Souttar,6475880535,dsouttar7p@howstuffworks.com,chennai
279,Dulcy Safe,5521207207,dsafe7q@typepad.com,thanjavur
280,Reese Hawkwood,6533563386,rhawkwood7r@smh.com.au,chennai
281,Nina Edess,6938373726,nedess7s@nationalgeographic.com,dindigul
282,Cassius Jentle,6226686036,cjentle7t@ox.ac.uk,karur
283,Keelby Boddington,4183936983,kboddington7u@opera.com,kanniyakumari
284,Miquela O'Henery,7444851205,mohenery7v@yolasite.com,kanniyakumari
285,Joseito Pescod,6542262314,jpescod7w@dion.ne.jp,dindigul
286,Morgana Lapworth,7096871087,mlapworth7x@4shared.com,madurai
287,Vinnie Castleman,7893550020,vcastleman7y@ow.ly,karur
288,Norbert Pristnor,8531364659,npristnor7z@canalblog.com,salem
289,Karilynn Fidge,3653965905,kfidge80@chron.com,chennai
290,Abba Angeau,6615210972,aangeau81@webs.com,namakkal
291,Mae Domico,9714043723,mdomico82@vinaora.com,kanniyakumari
292,Gerianna Wolfe,1189141317,gwolfe83@yelp.com,coimbatore
293,Rica Cartmer,7155636153,rcartmer84@networksolutions.com,namakkal
294,Gunar Cooke,9683416131,gcooke85@mit.edu,kanniyakumari
295,Alisander Brien,6992366512,abrien86@stumbleupon.com,dindigul
296,Ashley Fiddiman,7412039510,afiddiman87@homestead.com,salem
297,Calv Batalini,2768080659,cbatalini88@apple.com,trichy
298,Giustino Leisman,2852195459,gleisman89@columbia.edu,dindigul
299,Enriqueta Key,3092817529,ekey8a@wp.com,thothukudi
300,Genny Sugarman,9872378183,gsugarman8b@clickbank.net,chennai
301,Vere Surgison,5086398358,vsurgison8c@ucla.edu,thothukudi
302,Nigel Laden,1056209300,nladen8d@independent.co.uk,namakkal
303,Osgood Dhillon,1326442231,odhillon8e@t.co,namakkal
304,Kelsy Foggarty,3057889462,kfoggarty8f@vimeo.com,trichy
305,Keslie Giorgi,3023754313,kgiorgi8g@g.co,thanjavur
306,Sonnie Whitta,6294324749,swhitta8h@imageshack.us,madurai
307,Matti Moore,2545550861,mmoore8i@gmpg.org,namakkal
308,Temple Heugle,4298438965,theugle8j@rediff.com,kanniyakumari
309,Reagan Roofe,6225242686,rroofe8k@trellian.com,thothukudi
310,Deana Vlach,5165113596,dvlach8l@yelp.com,chennai
311,Eldin Cristofor,2706110399,ecristofor8m@bigcartel.com,namakkal
312,Shir Davioud,5696716170,sdavioud8n@cbsnews.com,dindigul
313,Manya Littler,5029188668,mlittler8o@msn.com,madurai
314,Cassandry Crocetti,6553097004,ccrocetti8p@arizona.edu,madurai
315,Lucienne Fransinelli,6068574665,lfransinelli8q@photobucket.com,trichy
316,Rene Scutcheon,2391032643,rscutcheon8r@blog.com,dindigul
317,Raynor Collens,2349418340,rcollens8s@jalbum.net,karur
318,Peta Feldhuhn,9287535263,pfeldhuhn8t@umn.edu,dindigul
319,Laughton Lanfer,8764042317,llanfer8u@istockphoto.com,trichy
320,Reese Gozzett,1888440068,rgozzett8v@bbc.co.uk,salem
321,Mame Boatman,8707617015,mboatman8w@upenn.edu,karur
322,Inesita Critcher,3068397833,icritcher8x@spotify.com,trichy
323,Ula Doberer,3729233437,udoberer8y@aboutads.info,thothukudi
324,Jacky Lumby,9408743369,jlumby8z@ovh.net,thothukudi
325,Tressa Ridgeway,8509072372,tridgeway90@auda.org.au,madurai
326,Korella Silburn,1406621742,ksilburn91@cmu.edu,namakkal
327,Bobbi Menezes,6835749085,bmenezes92@feedburner.com,trichy
328,Sissie Churn,7038078876,schurn93@upenn.edu,chennai
329,Marv Benitez,2543173894,mbenitez94@wunderground.com,trichy
330,Alfy Conwell,7836849568,aconwell95@google.pl,madurai
331,Arman Gready,6797797507,agready96@fotki.com,thanjavur
332,Augusto O'Brallaghan,8109655463,aobrallaghan97@unesco.org,dindigul
333,Nannette Raubheim,3839298265,nraubheim98@wired.com,chennai
334,Dulcea Canizares,5524181855,dcanizares99@yellowpages.com,madurai
335,Maryanne Algar,4963173876,malgar9a@sourceforge.net,namakkal
336,Sher Jeanet,6093741903,sjeanet9b@drupal.org,karur
337,Karisa Bryning,4566520048,kbryning9c@wp.com,thothukudi
338,Sancho Faircley,4714802463,sfaircley9d@squarespace.com,madurai
339,Blanche Butt,2333979273,bbutt9e@wikipedia.org,thanjavur
340,Fae Tunnicliffe,7975070306,ftunnicliffe9f@skyrock.com,salem
341,Bibby Dudson,1483738319,bdudson9g@so-net.ne.jp,coimbatore
342,Bertrando Kennifick,1621912358,bkennifick9h@prnewswire.com,chennai
343,Dennie Reid,4289754145,dreid9i@vistaprint.com,kanniyakumari
344,Rois Ennew,4712424130,rennew9j@eventbrite.com,kanniyakumari
345,Bogart Inkpen,9962920362,binkpen9k@exblog.jp,dindigul
346,Daffi Neville,8598702542,dneville9l@about.me,chennai
347,Lynnea Mowsdell,1929204545,lmowsdell9m@aboutads.info,thanjavur
348,Ebonee Brimmacombe,3003972710,ebrimmacombe9n@amazon.de,thanjavur
349,Neal Wotton,5386350038,nwotton9o@multiply.com,thothukudi
350,Sunny Demare,5378629808,sdemare9p@zdnet.com,kanniyakumari
351,Bridie Bastie,2823097730,bbastie9q@craigslist.org,trichy
352,Mordecai Mapowder,1789592273,mmapowder9r@webs.com,salem
353,Willi Hoodlass,5536501062,whoodlass9s@hhs.gov,kanniyakumari
354,Svend Vondracek,9433228570,svondracek9t@home.pl,madurai
355,Nathanial Filipychev,9016768743,nfilipychev9u@cafepress.com,namakkal
356,Lisha McLuckie,6177088099,lmcluckie9v@bigcartel.com,salem
357,Minny Gittose,2849612524,mgittose9w@youtu.be,thothukudi
358,Paulie Walkley,8523996835,pwalkley9x@uiuc.edu,dindigul
359,Tomasine Scutt,1648075826,tscutt9y@dropbox.com,dindigul
360,Redford Clayhill,2826627444,rclayhill9z@arstechnica.com,salem
361,Eryn Ratley,2518489971,eratleya0@army.mil,trichy
362,Katherina Aleksic,7699397566,kaleksica1@marketwatch.com,kanniyakumari
363,Emanuel Paulet,1681662197,epauleta2@ovh.net,thanjavur
364,Margy Roderham,7242109978,mroderhama3@reddit.com,thothukudi
365,Everard Bills,7706931108,ebillsa4@statcounter.com,thothukudi
366,Benjamen Pole,7247176720,bpolea5@dmoz.org,kanniyakumari
367,Julina Haythornthwaite,9729699483,jhaythornthwaitea6@prweb.com,chennai
368,Clarabelle Gallager,8823204330,cgallagera7@amazon.com,salem
369,Gladi Crack,7575894702,gcracka8@theguardian.com,chennai
370,Dulcinea Stirling,7952843971,dstirlinga9@google.pl,salem
371,Clemence Hallgate,3009011663,challgateaa@tuttocitta.it,salem
372,Pietro Behn,8826357491,pbehnab@desdev.cn,namakkal
373,Cathleen Gabbitis,4249360918,cgabbitisac@washingtonpost.com,chennai
374,Katlin Collicott,2831965874,kcollicottad@vkontakte.ru,trichy
375,Tadeas Bellchamber,4798319870,tbellchamberae@jalbum.net,karur
376,Tracy Fensome,2243272868,tfensomeaf@aboutads.info,trichy
377,Hailee Laborda,9871251001,hlabordaag@cnbc.com,thothukudi
378,Skipper Sked,4668136850,sskedah@pen.io,trichy
379,Malinda Kitcher,4324636440,mkitcherai@vinaora.com,dindigul
380,Boyce St. Leger,7831097580,bstaj@microsoft.com,salem
381,Cary Rames,4543715038,cramesak@indiegogo.com,kanniyakumari
382,Catlin Champley,8382517073,cchampleyal@smugmug.com,thanjavur
383,Kerstin Toomey,6718886469,ktoomeyam@redcross.org,dindigul
384,Hillard Handrahan,7389878812,hhandrahanan@hexun.com,coimbatore
385,Sidonnie Yakovitch,4691830024,syakovitchao@bigcartel.com,kanniyakumari
386,Zonnya Tetlow,3128069828,ztetlowap@blog.com,thothukudi
387,Brant Zylbermann,7571719234,bzylbermannaq@google.de,thanjavur
388,Benn Ager,1411536448,bagerar@mtv.com,trichy
389,Fawnia Bartomieu,4259675406,fbartomieuas@amazonaws.com,chennai
390,Pall Lautie,9503457813,plautieat@instagram.com,trichy
391,Mariana Mutton,3229011378,mmuttonau@slideshare.net,thothukudi
392,Magnum Creed,1901528732,mcreedav@delicious.com,madurai
393,Creigh Cotty,9196118223,ccottyaw@ning.com,madurai
394,Dunstan Batey,9888261630,dbateyax@flickr.com,thothukudi
395,Dyanna Ricciardi,2547595125,dricciardiay@yolasite.com,madurai
396,Blisse Jossum,3199956024,bjossumaz@last.fm,dindigul
397,Rafaelita Craster,8465258011,rcrasterb0@comcast.net,thanjavur
398,Carilyn Oates,1386068049,coatesb1@huffingtonpost.com,thanjavur
399,Urban Puncher,7604677504,upuncherb2@biglobe.ne.jp,trichy
400,Gradeigh Gavagan,9851891886,ggavaganb3@dedecms.com,karur
401,Lainey Guise,4928070379,lguiseb4@exblog.jp,salem
402,Maryrose Tume,2382485157,mtumeb5@stumbleupon.com,trichy
403,Kimmie Stobo,2419170948,kstobob6@behance.net,karur
404,Alica Cullity,5623812436,acullityb7@msn.com,salem
405,Scotty Tuffrey,4974532007,stuffreyb8@globo.com,trichy
406,Matthieu Brockie,9431165681,mbrockieb9@comsenz.com,thothukudi
407,Vincenz Snel,6473714493,vsnelba@walmart.com,karur
408,Wallie Semeradova,7666677045,wsemeradovabb@java.com,thothukudi
409,Donella Karczinski,9626020966,dkarczinskibc@techcrunch.com,namakkal
410,Laureen Harvatt,1891419513,lharvattbd@ucsd.edu,trichy
411,Marylou Broadbear,5739011928,mbroadbearbe@fastcompany.com,chennai
412,Mirella Bergstrand,1841054557,mbergstrandbf@topsy.com,karur
413,Thekla Kirwin,7335839963,tkirwinbg@t-online.de,salem
414,Josy Allcorn,9009553051,jallcornbh@blinklist.com,kanniyakumari
415,Bartlet Rosita,8826139924,brositabi@apple.com,trichy
416,Lucio Lindop,9616892616,llindopbj@usgs.gov,salem
417,Dimitri Meys,4996127631,dmeysbk@yale.edu,kanniyakumari
418,Parry Bruhn,8042457500,pbruhnbl@opera.com,trichy
419,Alfonse Aloigi,4339260974,aaloigibm@infoseek.co.jp,madurai
420,Lynett Ashenhurst,3743788436,lashenhurstbn@nytimes.com,madurai
421,Timofei Routham,2491466606,trouthambo@sciencedaily.com,coimbatore
422,Dun Forge,7793731640,dforgebp@domainmarket.com,salem
423,Heddi Ruperti,1433876380,hrupertibq@sitemeter.com,coimbatore
424,Nathanial Callen,3712043176,ncallenbr@wufoo.com,kanniyakumari
425,Amargo Sarjant,2313820543,asarjantbs@umich.edu,namakkal
426,Mandy Wilbor,3834644286,mwilborbt@nbcnews.com,madurai
427,Corabella Ofer,9234448586,coferbu@google.pl,trichy
428,Calida Scobbie,3059013496,cscobbiebv@washingtonpost.com,dindigul
429,Cathee Ambroix,3742965884,cambroixbw@businesswire.com,trichy
430,Jock Cristou,7819715939,jcristoubx@posterous.com,madurai
431,Asia Quiddington,6117103379,aquiddingtonby@google.es,kanniyakumari
432,Hermy Kittiman,1725008856,hkittimanbz@icq.com,madurai
433,Kendra Peegrem,9159305981,kpeegremc0@upenn.edu,dindigul
434,Lelah Olyunin,1526635409,lolyuninc1@dmoz.org,dindigul
435,Klarika Skipworth,4395467585,kskipworthc2@oaic.gov.au,madurai
436,Carmel Deeson,2145240922,cdeesonc3@slashdot.org,dindigul
437,Shawna Bettanay,9972390064,sbettanayc4@nba.com,coimbatore
438,Carlota Mordey,9285637656,cmordeyc5@tamu.edu,dindigul
439,Ivonne Desesquelle,1661064432,idesesquellec6@parallels.com,thanjavur
440,Morlee Gorry,5133724504,mgorryc7@edublogs.org,kanniyakumari
441,Panchito Kelmere,9006247019,pkelmerec8@pbs.org,chennai
442,Joshua Torel,1569622236,jtorelc9@buzzfeed.com,dindigul
443,Gabby Smooth,5703027653,gsmoothca@godaddy.com,salem
444,Aurelea Hague,7078203913,ahaguecb@google.es,coimbatore
445,Lilith Firbank,5692581687,lfirbankcc@wikipedia.org,trichy
446,Elroy Colthard,8055277037,ecolthardcd@aol.com,salem
447,Jania Labeuil,4928358079,jlabeuilce@wordpress.com,karur
448,Katrine Leffek,5692350844,kleffekcf@vinaora.com,trichy
449,Rubi Carillo,2285397332,rcarillocg@symantec.com,kanniyakumari
450,Nelie Slaght,4495510662,nslaghtch@mediafire.com,karur
451,Cornelle Thredder,4037433341,cthredderci@google.ca,chennai
452,Mady Rudledge,1636350339,mrudledgecj@mapquest.com,coimbatore
453,Marillin Lambdean,2087004125,mlambdeanck@hexun.com,dindigul
454,Mariejeanne Bagot,4577312280,mbagotcl@blinklist.com,kanniyakumari
455,Cyrille Plank,8727657804,cplankcm@nymag.com,kanniyakumari
456,Dicky Klus,8641178419,dkluscn@printfriendly.com,karur
457,Josepha Hatherall,7865398262,jhatherallco@vinaora.com,salem
458,Ava Camings,4734004309,acamingscp@arstechnica.com,dindigul
459,Jodie Caspell,3511489107,jcaspellcq@bandcamp.com,namakkal
460,Nicky Winterbotham,5964292035,nwinterbothamcr@biglobe.ne.jp,madurai
461,Alix Smiley,1541743004,asmileycs@washingtonpost.com,chennai
462,Harald Gentile,3801411960,hgentilect@fotki.com,kanniyakumari
463,Annadiana De Lorenzo,4725943775,adecu@blinklist.com,chennai
464,Bobbie Whatford,2526680898,bwhatfordcv@cargocollective.com,dindigul
465,Kamillah Matkin,8338020587,kmatkincw@si.edu,karur
466,Wanids Stoner,7073416051,wstonercx@facebook.com,namakkal
467,Lavina Lednor,4932420000,llednorcy@artisteer.com,kanniyakumari
468,Tiffy Trobe,3982166134,ttrobecz@washington.edu,coimbatore
469,Ignacius Casino,9244464524,icasinod0@sciencedirect.com,coimbatore
470,Gayle Edy,7424680409,gedyd1@addtoany.com,dindigul
471,Elva Pearl,3081615660,epearld2@devhub.com,coimbatore
472,Any Grut,5353705283,agrutd3@hatena.ne.jp,madurai
473,Gabby Revett,6516779379,grevettd4@washingtonpost.com,dindigul
474,Kenny Highwood,1803130192,khighwoodd5@mozilla.org,thanjavur
475,Emilie Stoite,5754529176,estoited6@hud.gov,madurai
476,Kile Briamo,3621603523,kbriamod7@clickbank.net,chennai
477,Xena Bowbrick,9834221726,xbowbrickd8@nasa.gov,salem
478,Yuri Schroter,4324372891,yschroterd9@is.gd,karur
479,Michelina Armitage,4726368463,marmitageda@hao123.com,trichy
480,Tressa Kleinstein,6069114232,tkleinsteindb@mashable.com,karur
481,Murielle Kitchen,9621108155,mkitchendc@weather.com,thanjavur
482,Napoleon Henrichs,6562572039,nhenrichsdd@so-net.ne.jp,thothukudi
483,Frederico Bird,1441842892,fbirdde@slate.com,dindigul
484,Nicoline Redington,3271225931,nredingtondf@delicious.com,thothukudi
485,Farrell Gurwood,3838022327,fgurwooddg@who.int,chennai
486,Magdalen Klimontovich,9359918888,mklimontovichdh@ftc.gov,thanjavur
487,Tanner Formilli,4991313803,tformillidi@comcast.net,salem
488,Newton Bridgland,4545693414,nbridglanddj@soundcloud.com,trichy
489,Kerwin Bosket,1152394825,kbosketdk@chicagotribune.com,chennai
490,Flori Tiltman,1858728917,ftiltmandl@odnoklassniki.ru,madurai
491,Bettina Baldetti,4929008226,bbaldettidm@geocities.com,madurai
492,Shel Burberye,5837219189,sburberyedn@diigo.com,madurai
493,Kimmie Priestland,9767350386,kpriestlanddo@freewebs.com,namakkal
494,Robbyn Clout,2566883164,rcloutdp@pen.io,chennai
495,Paolo McLardie,3603217446,pmclardiedq@yellowpages.com,madurai
496,Muire McLugaish,4794981461,mmclugaishdr@sitemeter.com,dindigul
497,Madge Maingot,7077981322,mmaingotds@twitter.com,trichy
498,Bridgette Stockin,9412220349,bstockindt@princeton.edu,thanjavur
499,Eugene Baddow,9099726644,ebaddowdu@loc.gov,namakkal
500,Zerk Dumblton,7172612080,zdumbltondv@csmonitor.com,coimbatore
