device_id,cust_id,device_name
1,201,Desktop
2,239,Laptop
3,278,Mobile
4,133,Desktop
5,311,Desktop
6,281,Mobile
7,448,Mobile
8,351,Tablet
9,304,Tablet
10,47,Tablet
11,470,Tablet
12,298,Desktop
13,56,Tablet
14,407,Desktop
15,442,Tablet
16,287,Mobile
17,369,Desktop
18,14,Desktop
19,114,Desktop
20,260,Laptop
21,292,Tablet
22,226,Laptop
23,352,Laptop
24,297,Desktop
25,64,Mobile
26,407,Desktop
27,102,Laptop
28,413,Mobile
29,250,Mobile
30,55,Desktop
31,12,Laptop
32,181,Laptop
33,108,Mobile
34,412,Mobile
35,485,Tablet
36,153,Laptop
37,153,Tablet
38,199,Desktop
39,96,Mobile
40,282,Desktop
41,252,Laptop
42,404,Desktop
43,492,Tablet
44,120,Desktop
45,73,Mobile
46,313,Laptop
47,409,Tablet
48,280,Mobile
49,40,Tablet
50,494,Desktop
51,112,Desktop
52,273,Mobile
53,144,Tablet
54,48,Mobile
55,436,Desktop
56,399,Tablet
57,333,Mobile
58,14,Mobile
59,379,Mobile
60,226,Desktop
61,484,Mobile
62,389,Mobile
63,6,Mobile
64,225,Laptop
65,90,Laptop
66,340,Desktop
67,485,Laptop
68,315,Laptop
69,457,Laptop
70,127,Tablet
71,454,Desktop
72,130,Tablet
73,99,Tablet
74,353,Laptop
75,359,Laptop
76,384,Laptop
77,422,Laptop
78,289,Laptop
79,429,Mobile
80,248,Tablet
81,24,Laptop
82,394,Tablet
83,488,Tablet
84,65,Desktop
85,7,Tablet
86,428,Desktop
87,165,Desktop
88,68,Mobile
89,327,Laptop
90,70,Tablet
91,219,Laptop
92,292,Tablet
93,217,Tablet
94,318,Mobile
95,312,Mobile
96,94,Laptop
97,230,Tablet
98,74,Desktop
99,381,Mobile
100,50,Tablet
101,339,Tablet
102,112,Mobile
103,487,Mobile
104,359,Mobile
105,138,Desktop
106,279,Laptop
107,455,Tablet
108,459,Laptop
109,413,Tablet
110,111,Desktop
111,367,Tablet
112,327,Tablet
113,368,Tablet
114,66,Desktop
115,331,Tablet
116,268,Laptop
117,310,Laptop
118,24,Laptop
119,321,Desktop
120,171,Laptop
121,115,Mobile
122,490,Desktop
123,445,Mobile
124,227,Mobile
125,255,Mobile
126,488,Tablet
127,170,Tablet
128,430,Mobile
129,315,Tablet
130,381,Mobile
131,7,Tablet
132,55,Desktop
133,263,Desktop
134,479,Desktop
135,359,Laptop
136,168,Tablet
137,67,Laptop
138,88,Desktop
139,29,Mobile
140,199,Mobile
141,221,Mobile
142,326,Tablet
143,38,Mobile
144,11,Mobile
145,422,Desktop
146,374,Laptop
147,201,Tablet
148,84,Tablet
149,46,Desktop
150,318,Tablet
151,45,Laptop
152,295,Laptop
153,225,Desktop
154,157,Laptop
155,342,Laptop
156,443,Tablet
157,60,Laptop
158,42,Desktop
159,397,Mobile
160,139,Desktop
161,5,Tablet
162,278,Laptop
163,498,Laptop
164,89,Tablet
165,48,Mobile
166,427,Laptop
167,83,Laptop
168,121,Laptop
169,133,Desktop
170,121,Tablet
171,475,Laptop
172,273,Mobile
173,182,Desktop
174,314,Desktop
175,177,Tablet
176,381,Desktop
177,426,Desktop
178,127,Laptop
179,280,Mobile
180,154,Mobile
181,263,Laptop
182,483,Laptop
183,434,Desktop
184,320,Desktop
185,137,Desktop
186,265,Mobile
187,92,Tablet
188,287,Mobile
189,184,Mobile
190,367,Desktop
191,302,Tablet
192,40,Tablet
193,178,Laptop
194,360,Tablet
195,33,Mobile
196,428,Mobile
197,152,Laptop
198,253,Desktop
199,326,Mobile
200,336,Desktop
201,206,Laptop
202,152,Mobile
203,295,Desktop
204,26,Desktop
205,428,Mobile
206,159,Laptop
207,413,Laptop
208,285,Desktop
209,231,Mobile
210,51,Desktop
211,80,Laptop
212,213,Laptop
213,358,Laptop
214,288,Desktop
215,449,Tablet
216,479,Mobile
217,87,Tablet
218,112,Laptop
219,373,Tablet
220,404,Laptop
221,155,Desktop
222,52,Mobile
223,31,Laptop
224,8,Tablet
225,10,Laptop
226,274,Laptop
227,246,Mobile
228,245,Mobile
229,120,Tablet
230,79,Mobile
231,494,Laptop
232,500,Tablet
233,155,Tablet
234,352,Tablet
235,118,Mobile
236,418,Tablet
237,368,Mobile
238,213,Desktop
239,302,Tablet
240,50,Tablet
241,36,Desktop
242,469,Tablet
243,316,Laptop
244,157,Laptop
245,447,Tablet
246,80,Desktop
247,440,Laptop
248,264,Laptop
249,460,Tablet
250,90,Desktop
251,406,Desktop
252,272,Tablet
253,209,Desktop
254,445,Laptop
255,326,Desktop
256,405,Desktop
257,254,Desktop
258,393,Tablet
259,140,Mobile
260,411,Mobile
261,182,Desktop
262,277,Mobile
263,58,Desktop
264,276,Laptop
265,108,Mobile
266,417,Mobile
267,239,Tablet
268,221,Laptop
269,208,Laptop
270,14,Desktop
271,250,Tablet
272,248,Desktop
273,410,Desktop
274,11,Mobile
275,308,Desktop
276,331,Desktop
277,458,Laptop
278,196,Tablet
279,274,Desktop
280,314,Tablet
281,184,Tablet
282,360,Tablet
283,126,Mobile
284,210,Mobile
285,127,Tablet
286,179,Laptop
287,186,Desktop
288,5,Desktop
289,482,Tablet
290,373,Laptop
291,492,Desktop
292,179,Desktop
293,295,Desktop
294,421,Laptop
295,19,Tablet
296,35,Laptop
297,129,Tablet
298,365,Desktop
299,56,Desktop
300,179,Laptop
301,193,Desktop
302,118,Tablet
303,222,Mobile
304,63,Mobile
305,424,Mobile
306,172,Laptop
307,285,Tablet
308,484,Tablet
309,404,Laptop
310,387,Tablet
311,490,Laptop
312,329,Tablet
313,299,Mobile
314,395,Tablet
315,439,Tablet
316,15,Mobile
317,303,Laptop
318,25,Tablet
319,486,Laptop
320,269,Desktop
321,487,Laptop
322,496,Mobile
323,236,Laptop
324,286,Desktop
325,339,Desktop
326,464,Desktop
327,110,Tablet
328,414,Mobile
329,23,Desktop
330,489,Mobile
331,127,Desktop
332,372,Desktop
333,216,Mobile
334,491,Desktop
335,101,Desktop
336,453,Tablet
337,355,Laptop
338,484,Desktop
339,147,Desktop
340,411,Desktop
341,263,Laptop
342,246,Laptop
343,170,Desktop
344,233,Desktop
345,461,Tablet
346,35,Tablet
347,137,Desktop
348,69,Desktop
349,321,Mobile
350,59,Desktop
351,289,Mobile
352,412,Laptop
353,15,Laptop
354,341,Laptop
355,407,Desktop
356,438,Desktop
357,498,Mobile
358,137,Laptop
359,358,Tablet
360,496,Laptop
361,88,Laptop
362,127,Desktop
363,139,Laptop
364,33,Desktop
365,16,Mobile
366,170,Laptop
367,84,Desktop
368,473,Tablet
369,73,Mobile
370,20,Tablet
371,165,Tablet
372,146,Mobile
373,28,Tablet
374,29,Laptop
375,50,Desktop
376,317,Laptop
377,405,Mobile
378,351,Desktop
379,61,Desktop
380,378,Desktop
381,305,Mobile
382,397,Mobile
383,137,Tablet
384,242,Tablet
385,379,Mobile
386,382,Desktop
387,250,Tablet
388,158,Desktop
389,180,Laptop
390,421,Laptop
391,359,Laptop
392,195,Mobile
393,260,Tablet
394,161,Tablet
395,287,Laptop
396,209,Laptop
397,198,Tablet
398,372,Tablet
399,369,Laptop
400,218,Tablet
401,75,Tablet
402,153,Desktop
403,154,Tablet
404,232,Tablet
405,64,Tablet
406,184,Desktop
407,268,Mobile
408,156,Laptop
409,471,Desktop
410,72,Tablet
411,9,Tablet
412,344,Laptop
413,200,Laptop
414,198,Laptop
415,272,Mobile
416,479,Tablet
417,30,Laptop
418,355,Mobile
419,222,Tablet
420,261,Mobile
421,417,Tablet
422,428,Desktop
423,333,Desktop
424,485,Tablet
425,408,Laptop
426,400,Tablet
427,79,Desktop
428,102,Desktop
429,79,Mobile
430,21,Desktop
431,115,Mobile
432,379,Mobile
433,162,Laptop
434,40,Laptop
435,88,Desktop
436,237,Mobile
437,5,Tablet
438,480,Tablet
439,446,Mobile
440,6,Tablet
441,5,Desktop
442,466,Mobile
443,448,Mobile
444,296,Laptop
445,454,Mobile
446,486,Tablet
447,261,Tablet
448,166,Mobile
449,403,Desktop
450,3,Laptop
451,262,Desktop
452,149,Desktop
453,314,Desktop
454,216,Desktop
455,110,Laptop
456,448,Desktop
457,8,Mobile
458,113,Mobile
459,250,Mobile
460,223,Tablet
461,310,Tablet
462,180,Mobile
463,2,Desktop
464,32,Desktop
465,260,Tablet
466,251,Laptop
467,478,Desktop
468,69,Tablet
469,388,Desktop
470,352,Tablet
471,186,Desktop
472,328,Mobile
473,462,Mobile
474,404,Tablet
475,21,Tablet
476,243,Desktop
477,380,Desktop
478,372,Laptop
479,315,Tablet
480,256,Desktop
481,443,Laptop
482,394,Laptop
483,339,Tablet
484,315,Mobile
485,329,Desktop
486,79,Laptop
487,146,Mobile
488,318,Mobile
489,479,Desktop
490,129,Desktop
491,142,Mobile
492,112,Mobile
493,139,Tablet
494,401,Mobile
495,128,Tablet
496,421,Laptop
497,257,Tablet
498,456,Mobile
499,447,Laptop
500,24,Tablet
501,426,Tablet
502,56,Mobile
503,289,Mobile
504,205,Laptop
505,70,Laptop
506,416,Laptop
507,339,Mobile
508,399,Mobile
509,275,Mobile
510,290,Tablet
511,123,Desktop
512,108,Desktop
513,23,Desktop
514,203,Mobile
515,4,Desktop
516,19,Tablet
517,105,Desktop
518,153,Desktop
519,28,Desktop
520,63,Desktop
521,295,Desktop
522,408,Laptop
523,182,Laptop
524,466,Laptop
525,191,Laptop
526,84,Laptop
527,211,Laptop
528,350,Laptop
529,333,Tablet
530,162,Laptop
531,412,Mobile
532,337,Mobile
533,141,Mobile
534,363,Laptop
535,33,Laptop
536,59,Mobile
537,150,Laptop
538,138,Tablet
539,303,Mobile
540,376,Mobile
541,266,Desktop
542,85,Mobile
543,346,Tablet
544,215,Mobile
545,295,Mobile
546,331,Laptop
547,426,Mobile
548,266,Tablet
549,420,Desktop
550,472,Laptop
551,403,Mobile
552,460,Tablet
553,189,Laptop
554,294,Mobile
555,359,Mobile
556,318,Desktop
557,174,Tablet
558,21,Mobile
559,273,Laptop
560,275,Tablet
561,443,Tablet
562,280,Mobile
563,266,Desktop
564,37,Mobile
565,455,Laptop
566,443,Tablet
567,6,Desktop
568,144,Mobile
569,219,Desktop
570,184,Tablet
571,130,Laptop
572,478,Desktop
573,224,Laptop
574,56,Mobile
575,355,Laptop
576,362,Desktop
577,226,Laptop
578,96,Mobile
579,480,Desktop
580,64,Laptop
581,201,Tablet
582,109,Laptop
583,76,Desktop
584,300,Desktop
585,92,Desktop
586,448,Desktop
587,26,Desktop
588,106,Desktop
589,24,Laptop
590,420,Tablet
591,318,Mobile
592,150,Desktop
593,55,Laptop
594,70,Laptop
595,394,Tablet
596,253,Mobile
597,294,Tablet
598,140,Tablet
599,188,Desktop
600,467,Desktop
601,448,Desktop
602,325,Mobile
603,79,Laptop
604,155,Tablet
605,311,Tablet
606,292,Mobile
607,114,Tablet
608,355,Desktop
609,486,Mobile
610,296,Tablet
611,226,Tablet
612,427,Tablet
613,70,Desktop
614,32,Mobile
615,358,Tablet
616,113,Mobile
617,159,Mobile
618,23,Mobile
619,60,Tablet
620,293,Mobile
621,78,Tablet
622,269,Mobile
623,86,Laptop
624,357,Desktop
625,186,Laptop
626,386,Laptop
627,66,Mobile
628,116,Desktop
629,403,Desktop
630,240,Tablet
631,336,Tablet
632,285,Mobile
633,108,Tablet
634,187,Desktop
635,162,Mobile
636,252,Desktop
637,291,Desktop
638,409,Laptop
639,156,Laptop
640,127,Tablet
641,478,Laptop
642,101,Tablet
643,208,Desktop
644,266,Mobile
645,433,Mobile
646,70,Desktop
647,295,Mobile
648,44,Desktop
649,93,Mobile
650,309,Mobile
651,168,Mobile
652,152,Mobile
653,104,Desktop
654,238,Desktop
655,105,Desktop
656,464,Tablet
657,383,Mobile
658,56,Tablet
659,405,Laptop
660,396,Laptop
661,238,Mobile
662,91,Desktop
663,451,Mobile
664,396,Mobile
665,286,Desktop
666,142,Tablet
667,237,Laptop
668,137,Mobile
669,277,Desktop
670,3,Desktop
671,136,Laptop
672,352,Mobile
673,46,Mobile
674,156,Tablet
675,313,Mobile
676,307,Laptop
677,476,Desktop
678,459,Tablet
679,406,Desktop
680,367,Laptop
681,218,Desktop
682,309,Tablet
683,192,Tablet
684,265,Tablet
685,285,Laptop
686,398,Tablet
687,178,Mobile
688,261,Mobile
689,42,Desktop
690,65,Desktop
691,254,Desktop
692,77,Desktop
693,289,Tablet
694,202,Tablet
695,137,Desktop
696,381,Desktop
697,237,Laptop
698,287,Desktop
699,416,Tablet
700,15,Desktop
