pay_id,loan_id,pay_date,amount
1,6,2026-06-02 10:43:51,43936
2,286,2024-10-11 22:45:05,30779
3,124,2025-08-01 20:06:53,8825
4,258,2026-05-20 08:33:42,44595
5,235,2025-06-07 08:05:46,36214
6,149,2024-12-27 19:25:21,38139
7,86,2024-11-24 15:08:30,25605
8,172,2024-07-20 23:29:05,43976
9,40,2025-03-27 11:31:52,15345
10,128,2026-06-28 22:56:31,20134
11,84,2025-02-16 13:00:15,44666
12,204,2024-08-05 00:44:50,34421
13,254,2026-05-20 19:52:31,32692
14,108,2024-10-14 00:47:10,14748
15,104,2024-08-10 03:40:51,47538
16,9,2025-07-03 21:30:56,38970
17,222,2026-01-26 06:12:02,29595
18,216,2025-03-26 14:44:22,34934
19,257,2024-07-22 12:16:26,40231
20,54,2025-10-10 05:06:21,33379
21,35,2025-12-13 13:44:12,30119
22,206,2024-10-11 17:22:15,6011
23,66,2026-04-30 09:40:25,37754
24,128,2025-04-15 06:19:04,13736
25,15,2025-06-19 02:08:47,24247
26,107,2024-09-26 07:12:16,42366
27,195,2024-11-20 17:42:56,19078
28,232,2025-02-28 00:17:00,26677
29,270,2025-03-05 01:19:29,6366
30,291,2025-10-05 06:18:09,40471
31,58,2024-11-13 12:52:58,25342
32,136,2025-09-19 00:15:14,45107
33,152,2024-08-22 02:52:18,49781
34,61,2025-04-27 02:07:57,39380
35,172,2024-09-17 23:39:52,24711
36,207,2026-05-31 23:15:55,16815
37,175,2025-03-22 14:47:40,47312
38,283,2026-02-19 02:14:45,29410
39,120,2026-05-08 11:07:15,32332
40,257,2025-08-11 03:08:55,39592
41,48,2025-05-28 15:09:55,37923
42,159,2025-09-15 01:40:57,13148
43,299,2026-04-07 04:21:31,27049
44,5,2026-04-26 10:14:36,41686
45,208,2025-08-07 10:41:09,18014
46,155,2024-09-07 06:51:50,17113
47,211,2026-01-01 04:09:44,46474
48,32,2025-06-26 11:34:02,47818
49,133,2024-08-26 23:06:31,8492
50,44,2026-01-09 19:34:29,6601
51,133,2024-08-12 10:58:32,10767
52,109,2026-06-06 22:04:28,7258
53,168,2024-12-09 02:03:04,21021
54,55,2026-01-07 19:05:25,26970
55,149,2025-07-23 15:42:24,12219
56,12,2024-09-11 11:46:14,40467
57,292,2025-11-30 13:56:54,15975
58,239,2025-10-31 20:12:26,11621
59,263,2026-03-06 13:22:02,35854
60,250,2024-08-22 11:26:46,18354
61,134,2026-01-03 21:04:55,31568
62,2,2024-11-19 09:17:24,45874
63,160,2026-01-15 10:36:24,16181
64,194,2026-05-11 21:45:26,36650
65,121,2024-11-26 11:59:41,21502
66,21,2026-01-12 02:45:56,6545
67,153,2026-02-21 08:53:59,37427
68,161,2025-10-29 09:41:14,11459
69,178,2024-08-11 11:12:23,41053
70,52,2026-05-15 22:38:23,44691
71,108,2026-04-06 03:08:29,26788
72,40,2025-05-22 21:43:57,17032
73,73,2025-06-14 21:14:59,7274
74,13,2025-04-27 02:37:46,21957
75,132,2026-01-17 13:01:26,44858
76,189,2025-09-14 01:56:49,7419
77,164,2025-04-25 20:50:08,12821
78,298,2024-11-09 19:07:37,29809
79,293,2024-08-30 00:20:52,29278
80,3,2026-04-14 16:23:05,14664
81,4,2026-06-12 08:45:52,46223
82,252,2025-05-01 01:05:58,19028
83,67,2024-09-16 02:47:27,34600
84,175,2024-09-07 00:37:14,34074
85,191,2024-09-09 16:53:48,31927
86,29,2025-01-20 10:54:13,36929
87,102,2025-03-04 20:17:04,41079
88,86,2024-12-31 19:23:43,26904
89,21,2025-12-21 13:01:47,39008
90,21,2024-10-12 20:11:33,46888
91,116,2024-11-30 19:54:38,38411
92,68,2024-10-22 03:22:07,30048
93,103,2024-11-09 17:13:13,16279
94,16,2024-07-31 14:29:49,15384
95,284,2025-05-11 21:24:50,30922
96,238,2026-03-18 10:52:38,26545
97,98,2025-12-08 01:36:43,24409
98,116,2024-07-10 02:22:01,39563
99,295,2024-08-05 23:47:41,25415
100,251,2025-08-08 22:03:06,47186
101,177,2025-09-30 10:44:49,30477
102,197,2025-12-25 20:45:57,21260
103,79,2025-09-03 13:19:36,43954
104,253,2025-05-05 21:30:38,31388
105,110,2026-07-08 21:01:04,44214
106,43,2026-04-07 05:41:15,41945
107,215,2026-02-25 16:52:15,16979
108,66,2026-04-11 19:42:02,42087
109,205,2024-07-25 12:44:33,22039
110,49,2026-04-29 15:43:55,46025
111,270,2024-12-25 22:10:52,28810
112,141,2026-04-26 06:50:07,37711
113,230,2025-12-03 00:24:51,31775
114,112,2026-06-08 05:51:50,29390
115,100,2025-03-17 09:59:27,41284
116,21,2026-02-23 17:05:00,5219
117,28,2025-09-11 19:41:49,46239
118,143,2024-10-23 21:38:05,17833
119,286,2025-07-29 04:15:05,23963
120,261,2024-11-14 23:23:20,49113
121,146,2026-06-19 04:04:53,43266
122,199,2026-06-15 06:26:44,45058
123,177,2024-10-24 01:32:09,10422
124,282,2024-09-23 14:28:22,14122
125,208,2024-07-22 09:52:15,45726
126,62,2026-01-16 09:28:59,49958
127,215,2025-10-14 13:13:30,8750
128,203,2024-12-11 17:11:21,44362
129,260,2025-12-27 10:28:45,47252
130,94,2024-07-27 19:28:30,20556
131,119,2025-03-16 11:28:28,21979
132,145,2024-10-04 09:50:39,10795
133,101,2025-03-22 17:19:56,43396
134,297,2025-09-07 10:01:17,11500
135,20,2024-08-12 11:05:43,27684
136,48,2024-11-03 06:18:39,43188
137,35,2025-01-06 23:20:43,45470
138,181,2024-12-24 21:12:28,34637
139,126,2026-01-17 22:42:38,9029
140,110,2026-05-03 10:24:05,26174
141,83,2025-12-26 00:50:20,45386
142,179,2025-11-02 23:23:09,22694
143,179,2024-09-22 00:02:57,21597
144,168,2025-04-18 01:35:17,24783
145,133,2026-01-14 15:42:55,48867
146,242,2024-10-25 15:36:03,47754
147,88,2025-12-06 15:54:31,35174
148,10,2025-04-04 19:50:54,7061
149,121,2025-01-15 00:19:43,45285
150,299,2025-05-02 06:13:09,36067
151,282,2025-10-23 10:34:10,10789
152,74,2025-03-11 20:41:45,15957
153,76,2024-12-22 02:43:15,19742
154,98,2025-02-27 20:54:30,48954
155,116,2025-05-15 00:44:49,47092
156,215,2025-02-15 16:26:27,39980
157,130,2025-04-27 01:48:20,35160
158,122,2025-12-22 17:07:41,14176
159,224,2024-12-19 11:24:43,46123
160,259,2025-03-18 01:40:14,44161
161,109,2025-03-31 02:34:17,42141
162,300,2024-11-11 11:39:04,31027
163,138,2024-07-28 07:12:35,27650
164,267,2026-04-13 08:20:44,38373
165,61,2025-03-04 15:01:45,39621
166,216,2026-06-07 03:25:10,19804
167,62,2026-02-03 17:58:27,16090
168,174,2026-04-28 13:36:05,10168
169,290,2025-12-19 13:43:02,29922
170,176,2025-07-21 16:22:30,9399
171,261,2026-04-28 08:40:09,32028
172,245,2024-09-03 20:49:05,18163
173,199,2024-08-02 22:21:44,22395
174,249,2025-02-13 02:15:09,23346
175,68,2024-11-23 16:44:24,7591
176,84,2026-04-05 14:58:28,46632
177,35,2025-01-24 14:39:33,33701
178,144,2025-05-29 03:04:20,34788
179,295,2025-07-06 17:55:19,33679
180,134,2025-03-20 03:44:39,34158
181,229,2024-07-31 22:57:17,34119
182,136,2025-11-21 12:00:43,7488
183,146,2025-09-23 19:55:02,39884
184,82,2024-10-08 08:08:00,9583
185,178,2024-07-26 06:22:07,46092
186,289,2025-03-03 20:31:16,29039
187,144,2025-05-15 01:32:40,6337
188,144,2025-09-24 14:32:58,40388
189,174,2026-02-19 04:35:34,49924
190,16,2025-09-21 11:13:33,17891
191,242,2025-05-22 08:11:12,10605
192,287,2025-06-30 17:46:00,13099
193,195,2025-10-09 10:09:45,6464
194,35,2024-08-02 05:57:39,46053
195,50,2026-04-26 03:29:37,5039
196,198,2026-06-21 03:35:43,20207
197,272,2024-09-10 03:09:53,6142
198,141,2025-12-18 17:09:07,38608
199,188,2025-04-03 10:54:51,31295
200,16,2026-05-21 16:31:32,19115
201,181,2025-07-14 17:23:17,26341
202,209,2025-03-23 17:10:04,49409
203,220,2025-04-12 05:27:50,30533
204,59,2024-09-14 11:45:27,33852
205,40,2024-11-24 03:26:32,31861
206,155,2025-12-30 16:26:02,34494
207,29,2025-10-18 12:54:35,30719
208,253,2025-09-25 03:41:51,31597
209,202,2026-02-14 22:28:29,23662
210,274,2025-08-11 12:34:47,23660
211,76,2024-09-10 13:44:05,32996
212,135,2024-07-21 16:11:02,35035
213,128,2026-02-15 05:33:03,6625
214,241,2025-08-24 12:01:34,15048
215,116,2025-08-20 09:20:36,11260
216,91,2026-02-27 22:55:21,13459
217,167,2025-02-23 03:27:34,46264
218,101,2025-11-20 22:24:47,49766
219,107,2025-08-11 10:05:10,19831
220,52,2025-05-11 09:23:48,19391
221,160,2025-09-07 20:40:05,17494
222,103,2026-03-02 02:10:05,12954
223,215,2025-10-21 09:41:15,18735
224,69,2026-03-31 02:14:07,44936
225,202,2025-11-05 12:06:32,27197
226,151,2025-09-01 02:13:23,41453
227,133,2024-09-13 05:23:44,26975
228,102,2025-02-21 15:23:20,49042
229,1,2024-12-15 11:09:34,29777
230,99,2026-06-05 16:30:04,47458
231,290,2026-01-03 21:13:48,44592
232,171,2025-08-14 02:39:27,20284
233,20,2024-09-23 16:54:57,37205
234,69,2024-11-28 16:42:48,35298
235,219,2024-08-14 14:52:13,33394
236,213,2025-08-03 07:01:21,5953
237,174,2026-05-13 20:32:11,21004
238,265,2025-03-18 20:48:05,36212
239,116,2026-03-04 10:24:18,14641
240,294,2026-05-13 20:33:22,18504
241,161,2025-07-21 15:32:06,11356
242,125,2024-11-09 09:37:48,29330
243,226,2025-03-25 05:51:16,33499
244,28,2025-07-28 07:51:40,17619
245,213,2026-05-20 05:19:16,49184
246,261,2025-07-02 19:08:02,24187
247,89,2025-12-08 16:10:47,32727
248,168,2024-08-07 17:32:39,47266
249,215,2025-09-22 02:20:12,12117
250,140,2026-06-17 00:39:11,18769
251,58,2025-11-14 16:44:09,44509
252,72,2024-10-22 00:05:06,11641
253,210,2025-03-23 19:23:57,39120
254,235,2025-10-31 12:11:31,8019
255,113,2025-05-28 15:46:25,11617
256,206,2025-10-10 17:01:20,42669
257,18,2025-07-11 12:20:30,29345
258,29,2024-11-10 16:48:36,31089
259,106,2024-10-24 16:08:08,42284
260,97,2026-04-20 13:12:59,34259
261,200,2025-08-22 18:31:22,13060
262,152,2026-04-02 16:54:50,48333
263,36,2025-01-21 15:05:46,17791
264,127,2026-03-21 17:15:14,44654
265,278,2024-07-13 03:30:55,45952
266,242,2025-05-21 13:10:16,21415
267,69,2026-06-12 01:52:19,8232
268,282,2024-12-01 08:28:02,46009
269,83,2025-12-10 05:30:09,36799
270,27,2026-04-07 03:42:27,11492
271,9,2024-11-16 16:16:25,12099
272,72,2026-01-01 13:07:53,13941
273,51,2026-02-11 00:41:51,28986
274,149,2025-02-17 04:34:17,18831
275,160,2026-05-04 12:14:03,7535
276,66,2024-07-28 18:04:04,11420
277,135,2024-10-22 04:53:27,7966
278,64,2024-12-18 13:44:26,27783
279,89,2025-06-22 21:11:19,8144
280,92,2026-04-29 03:27:09,13842
281,263,2024-07-13 13:31:23,11450
282,55,2026-01-31 20:39:18,13297
283,220,2026-02-18 15:21:49,24908
284,137,2026-04-14 23:47:15,13660
285,218,2025-05-22 14:32:35,20230
286,230,2024-07-28 05:30:00,13449
287,31,2025-11-04 13:54:32,19585
288,166,2026-06-06 17:26:44,49175
289,243,2025-05-01 11:52:52,14413
290,32,2025-11-23 06:09:34,41449
291,286,2024-12-05 06:58:24,8469
292,21,2025-10-02 09:23:52,21193
293,68,2026-01-09 02:11:38,23344
294,294,2024-11-06 03:59:54,5893
295,265,2026-04-09 07:04:14,13848
296,34,2025-10-21 13:19:15,8367
297,160,2024-08-01 18:49:29,20383
298,8,2024-07-14 21:36:04,34945
299,74,2026-06-01 07:40:48,31412
300,215,2025-09-10 20:05:04,35073
301,120,2025-09-05 14:20:28,38508
302,77,2026-03-30 16:14:33,44190
303,177,2025-08-10 16:26:24,39166
304,66,2024-12-28 22:14:41,37738
305,141,2025-05-20 01:14:32,6285
306,167,2026-03-15 11:19:09,19263
307,253,2025-03-13 03:03:00,38029
308,227,2026-04-15 21:14:15,37596
309,293,2025-02-10 21:46:59,47668
310,104,2024-07-22 17:50:59,12497
311,132,2025-12-27 08:51:29,38839
312,50,2024-08-03 01:15:31,25845
313,300,2024-08-16 07:29:49,21496
314,80,2026-02-08 22:30:22,8880
315,204,2025-08-25 20:23:00,36508
316,283,2025-09-16 08:44:41,41359
317,220,2024-11-09 05:43:42,33953
318,38,2026-06-06 08:17:45,6961
319,248,2025-03-27 10:01:06,5769
320,196,2025-10-22 12:22:09,9992
321,237,2025-06-01 16:53:01,42959
322,219,2024-09-09 20:30:44,48661
323,153,2026-05-08 23:44:04,45362
324,262,2025-11-28 11:48:04,24628
325,256,2024-07-15 22:28:54,39032
326,129,2025-07-29 11:40:35,33655
327,63,2024-11-02 08:39:15,15813
328,33,2025-06-29 06:40:59,43144
329,213,2026-06-06 08:43:16,19913
330,43,2024-08-27 13:43:57,12433
331,272,2025-04-26 22:30:20,34167
332,113,2025-09-10 19:06:26,11773
333,90,2025-07-01 19:43:19,7086
334,191,2024-10-02 11:18:20,22150
335,289,2026-03-23 02:59:58,27092
336,171,2026-02-01 22:32:42,18093
337,65,2024-08-22 14:32:08,37136
338,209,2026-05-04 01:24:37,48291
339,205,2024-09-25 19:52:02,47250
340,109,2024-08-21 18:41:40,43718
341,199,2025-12-02 22:05:37,15753
342,244,2025-12-03 17:40:49,20892
343,293,2026-05-04 16:03:46,8722
344,57,2025-10-11 09:20:36,20126
345,74,2025-07-19 14:38:06,45859
346,58,2025-03-05 19:46:19,20786
347,272,2026-05-08 21:40:00,30270
348,231,2026-06-08 04:12:14,6512
349,89,2026-01-20 14:17:12,19889
350,144,2025-02-14 09:37:49,29284
351,260,2025-12-24 21:38:16,7161
352,225,2026-05-07 06:05:01,24126
353,217,2025-12-06 04:03:00,27862
354,3,2026-01-19 11:37:42,18283
355,231,2026-04-14 03:41:01,48022
356,21,2026-03-26 16:39:02,40549
357,76,2025-11-11 12:50:28,16464
358,53,2025-06-10 22:24:46,18687
359,138,2024-08-01 02:48:32,36395
360,116,2026-03-10 04:35:16,27622
361,171,2024-10-11 06:43:31,31000
362,68,2025-07-18 14:43:48,43988
363,15,2025-02-28 00:45:12,41724
364,138,2025-06-09 13:37:09,6515
365,112,2025-06-27 23:49:39,36294
366,272,2025-08-16 01:54:28,32582
367,14,2026-05-26 09:19:50,21941
368,282,2025-04-13 00:57:43,17198
369,216,2025-10-24 00:43:52,44623
370,262,2024-09-22 14:12:31,26885
371,271,2025-05-29 22:57:53,45743
372,207,2026-06-21 19:20:27,21351
373,171,2025-09-15 15:55:30,10965
374,274,2024-11-19 19:09:59,48008
375,255,2026-06-11 14:58:31,32443
376,116,2024-08-15 22:59:35,12044
377,263,2025-11-24 07:36:48,40910
378,20,2026-05-16 14:38:14,34315
379,287,2026-04-15 19:17:30,26377
380,189,2025-12-27 10:57:58,21247
381,91,2025-10-07 23:55:45,36217
382,75,2024-12-05 01:38:07,33681
383,198,2024-09-23 21:04:27,29502
384,246,2025-03-07 23:20:07,14946
385,216,2025-09-20 21:19:22,27105
386,266,2025-12-30 02:53:29,7286
387,34,2025-12-06 07:50:49,6397
388,58,2025-06-25 18:32:18,47807
389,282,2024-08-20 00:44:58,48567
390,167,2026-03-09 08:48:12,30522
391,70,2025-01-20 14:32:25,28869
392,150,2025-12-28 22:41:27,30275
393,123,2024-11-24 12:21:49,7390
394,294,2026-06-13 04:51:21,8697
395,112,2025-06-11 12:45:37,6316
396,105,2024-12-11 14:29:55,46069
397,163,2026-02-13 08:25:56,14576
398,158,2026-06-12 22:36:56,17683
399,231,2025-05-04 05:54:24,13819
400,215,2025-07-31 20:34:35,45980
401,244,2024-09-24 18:46:52,27654
402,269,2024-08-20 02:32:34,6897
403,182,2026-02-24 02:08:08,19772
404,296,2026-01-11 20:19:46,45672
405,60,2025-12-22 19:46:04,46191
406,148,2024-11-26 22:02:16,17841
407,23,2025-01-21 00:35:49,20526
408,61,2024-07-17 12:29:56,22222
409,18,2024-08-25 07:57:52,48538
410,156,2025-08-09 03:07:40,30526
411,143,2025-06-21 00:52:06,12902
412,245,2025-01-10 18:20:42,12498
413,44,2025-08-03 18:02:06,34472
414,2,2024-12-22 13:48:00,45794
415,162,2025-06-28 22:27:34,28821
416,209,2026-04-23 01:19:25,11417
417,141,2025-02-19 22:45:05,47356
418,82,2025-01-15 18:03:24,20894
419,161,2024-09-18 02:08:52,13061
420,293,2024-10-22 21:06:44,49099
421,131,2026-07-03 05:48:41,11661
422,159,2025-08-02 18:58:45,23761
423,219,2025-11-02 09:46:38,20127
424,239,2024-08-10 09:51:10,44615
425,136,2025-08-17 15:29:46,33275
426,221,2025-06-20 08:24:20,30033
427,243,2024-10-05 01:09:54,35935
428,147,2024-12-20 10:18:08,46164
429,55,2026-01-02 18:36:02,31178
430,4,2024-10-18 17:47:23,11216
431,273,2024-12-18 15:15:22,19009
432,34,2024-08-30 13:12:36,32632
433,35,2025-03-21 00:37:28,19392
434,37,2024-08-04 03:55:50,40476
435,104,2025-05-24 18:32:06,47483
436,260,2025-08-09 10:14:14,49057
437,47,2025-09-01 08:41:28,42831
438,128,2025-02-07 23:54:10,41897
439,194,2025-01-01 12:56:43,22294
440,85,2025-02-07 23:14:14,23691
441,30,2025-08-22 21:11:22,43813
442,239,2026-05-08 14:49:28,32071
443,5,2026-06-12 03:40:06,29543
444,192,2026-03-29 05:27:22,33553
445,222,2026-04-22 21:59:02,31925
446,281,2024-11-19 10:59:46,11552
447,176,2026-02-03 17:49:20,18062
448,297,2025-09-19 00:13:51,20286
449,170,2025-05-11 00:49:17,40631
450,115,2025-12-24 23:25:51,48269
451,97,2025-11-22 06:49:49,10147
452,19,2026-04-08 14:50:38,28830
453,54,2024-10-30 04:04:19,26725
454,126,2025-09-06 00:57:02,18395
455,143,2024-07-16 20:06:28,43379
456,188,2025-05-27 20:31:09,31021
457,217,2025-07-04 10:10:02,18252
458,207,2025-10-29 07:36:33,34173
459,271,2026-05-12 16:37:43,5233
460,194,2024-10-19 02:50:46,31723
461,116,2026-02-12 23:12:25,17210
462,284,2025-07-05 15:52:06,20196
463,249,2024-12-19 10:00:09,36828
464,153,2024-12-13 06:59:42,29236
465,44,2025-09-10 08:48:48,18112
466,35,2024-11-19 03:40:18,41460
467,232,2025-08-19 06:42:18,36398
468,102,2025-01-15 02:40:45,22001
469,275,2025-10-14 13:46:32,39676
470,30,2025-01-03 12:45:57,35641
471,131,2024-11-12 13:30:39,22838
472,96,2025-06-25 10:05:33,23656
473,243,2024-10-04 06:06:25,7987
474,204,2026-03-09 00:15:30,36443
475,100,2025-09-18 08:58:26,23781
476,200,2024-08-29 02:57:41,14966
477,145,2024-11-11 09:48:57,25948
478,199,2025-08-25 00:12:18,26587
479,48,2024-10-21 19:11:41,28394
480,36,2026-01-09 12:08:00,13947
481,52,2024-11-20 14:10:18,27746
482,239,2026-06-09 07:09:13,47711
483,294,2025-03-26 15:40:23,6471
484,273,2024-11-09 04:48:37,29100
485,110,2025-09-23 18:21:47,32000
486,216,2025-07-27 05:53:35,26830
487,10,2025-11-03 05:18:56,31269
488,8,2025-01-04 08:18:12,18822
489,140,2025-07-31 17:41:45,15589
490,172,2024-08-11 09:50:05,49453
491,122,2026-05-13 22:33:01,38514
492,279,2026-04-02 06:09:47,28301
493,216,2026-02-20 10:49:03,40183
494,60,2025-11-12 08:37:40,48371
495,172,2025-12-19 12:01:30,42816
496,217,2025-06-02 19:33:51,34084
497,239,2024-12-22 18:38:05,14662
498,194,2025-03-31 10:39:33,20961
499,267,2025-08-15 22:10:42,26519
500,104,2024-10-22 15:53:24,41978
501,220,2025-06-25 15:48:59,32979
502,234,2026-04-16 08:50:45,40253
503,37,2024-12-16 17:28:10,27592
504,297,2025-10-06 04:05:45,7390
505,208,2025-03-27 11:28:33,17053
506,11,2025-10-25 20:49:52,38531
507,139,2024-08-09 01:53:47,18962
508,286,2025-07-11 13:53:20,30546
509,286,2025-07-05 00:34:53,19108
510,248,2024-09-14 20:45:57,31783
511,294,2024-10-27 14:34:36,22655
512,4,2025-03-13 05:09:12,18046
513,78,2026-01-15 21:27:39,16031
514,228,2026-01-12 21:42:22,42991
515,23,2025-04-10 09:33:40,8629
516,47,2026-03-18 11:52:36,49663
517,132,2024-09-03 09:14:44,13595
518,228,2025-09-20 15:20:37,22774
519,279,2025-05-16 08:03:24,8429
520,95,2025-04-19 20:12:12,44376
521,30,2025-01-08 19:42:59,31228
522,260,2025-06-12 13:32:50,39670
523,286,2025-11-14 23:36:06,11090
524,168,2025-10-22 22:45:40,34530
525,79,2026-03-09 13:33:18,41890
526,40,2025-04-15 06:30:56,27969
527,280,2025-05-05 08:24:33,44045
528,132,2025-06-11 14:40:47,23174
529,135,2026-01-11 05:50:30,6528
530,59,2025-08-08 18:57:32,5385
531,52,2025-03-10 16:46:42,40299
532,297,2024-07-16 01:15:53,48947
533,264,2025-07-16 16:04:53,39316
534,62,2024-11-16 09:24:01,28459
535,188,2025-09-09 19:13:28,39550
536,57,2025-04-14 10:26:55,26799
537,261,2024-11-14 14:51:10,46244
538,154,2026-04-21 15:43:54,26239
539,31,2024-09-22 18:37:26,41590
540,289,2026-03-31 02:30:05,5208
541,159,2024-08-17 21:48:13,37711
542,76,2025-07-04 22:26:08,29282
543,286,2025-11-24 17:04:32,14139
544,128,2026-06-21 19:58:20,14428
545,21,2026-04-04 00:27:46,16221
546,123,2026-01-25 01:50:54,43226
547,130,2025-01-25 18:01:12,31613
548,62,2024-12-08 00:28:49,37875
549,248,2025-08-29 15:12:44,9594
550,62,2026-04-24 12:05:26,43020
551,104,2025-11-16 19:34:47,14041
552,212,2024-12-18 09:58:54,46357
553,270,2025-12-02 08:06:14,5790
554,31,2026-03-14 21:17:05,16305
555,57,2026-05-09 00:42:00,14568
556,252,2024-09-03 21:20:44,13539
557,276,2025-07-03 03:33:21,17575
558,248,2024-12-25 18:06:44,41688
559,280,2025-12-08 08:34:58,25100
560,104,2025-12-18 10:46:25,42108
561,60,2026-05-05 22:07:05,12183
562,272,2026-03-27 08:18:13,41616
563,136,2025-11-05 17:44:30,44565
564,41,2025-01-14 10:45:06,8811
565,71,2026-05-24 09:54:47,45450
566,151,2025-06-08 11:26:21,14969
567,68,2025-09-30 05:56:56,47553
568,7,2024-10-24 17:47:01,13030
569,81,2024-08-14 22:14:30,27192
570,136,2024-09-20 21:20:48,17379
571,4,2025-03-10 16:58:30,41950
572,137,2024-07-25 13:08:50,45030
573,172,2026-01-19 21:02:24,6764
574,13,2026-07-07 21:39:28,28561
575,152,2024-07-27 01:11:23,17893
576,265,2025-02-24 00:35:55,9157
577,70,2026-06-21 21:01:34,30316
578,131,2024-12-12 23:31:01,33883
579,149,2024-11-08 05:47:20,7545
580,49,2025-02-14 03:51:23,34592
581,283,2025-06-13 00:18:45,5752
582,284,2025-11-28 02:53:29,28582
583,62,2024-09-14 12:37:23,35799
584,180,2026-02-08 03:32:39,40153
585,232,2025-01-23 12:38:57,25395
586,120,2024-08-03 04:06:23,5004
587,255,2026-02-11 04:55:21,45921
588,258,2026-06-01 16:19:14,13732
589,71,2025-08-28 22:20:38,22743
590,128,2024-12-17 13:34:04,24176
591,128,2025-10-09 15:46:47,25526
592,60,2024-09-11 15:24:25,45419
593,286,2025-11-19 21:14:01,30566
594,172,2026-04-01 12:06:39,41152
595,274,2025-02-11 09:30:26,17685
596,198,2026-02-27 04:53:49,38224
597,42,2026-03-14 03:59:46,16080
598,46,2025-04-19 14:29:27,19584
599,47,2024-12-26 04:47:59,16427
600,127,2025-11-07 00:43:45,23524
