login_id,cust_id,device_id,login_time
1,271,184,2025-10-04 02:57:30
2,7,105,2025-07-19 00:27:11
3,482,50,2025-07-26 15:59:50
4,81,689,2026-05-27 11:17:36
5,104,370,2025-11-14 16:05:18
6,455,641,2025-07-13 06:29:59
7,28,606,2025-07-18 23:59:03
8,190,699,2025-09-29 18:32:21
9,338,360,2026-02-23 16:45:39
10,246,589,2025-11-14 09:15:50
11,215,551,2025-07-31 08:38:53
12,141,691,2025-11-25 06:32:18
13,375,55,2025-12-07 04:59:26
14,116,589,2025-07-17 22:59:06
15,330,359,2026-07-03 22:12:16
16,24,134,2026-06-17 04:29:52
17,122,468,2026-03-17 14:36:36
18,154,260,2025-11-27 03:14:11
19,21,195,2026-05-30 19:57:28
20,213,511,2025-08-03 14:08:38
21,399,165,2026-03-06 18:28:38
22,71,18,2025-10-04 01:41:07
23,120,521,2026-06-11 02:27:26
24,372,523,2026-05-01 03:05:30
25,386,331,2025-08-13 16:26:31
26,266,505,2026-06-04 15:15:50
27,429,146,2025-08-10 05:04:47
28,389,374,2026-02-05 02:21:41
29,23,105,2026-05-07 18:23:34
30,26,30,2025-07-14 23:49:45
31,321,298,2025-10-12 18:47:04
32,436,672,2025-10-04 18:19:29
33,361,265,2025-10-20 23:23:33
34,125,6,2025-11-26 21:06:37
35,84,238,2025-09-10 11:57:51
36,125,569,2026-01-18 20:14:38
37,284,158,2026-05-24 06:25:21
38,433,13,2026-03-07 07:08:15
39,405,307,2025-09-25 12:24:01
40,482,421,2026-05-09 07:59:19
41,265,298,2025-11-06 01:08:35
42,188,374,2025-08-01 14:16:43
43,468,329,2025-10-13 17:54:32
44,264,120,2026-05-05 09:37:04
45,415,307,2026-02-20 10:16:15
46,393,485,2025-12-14 20:12:32
47,235,200,2025-11-06 10:39:04
48,194,2,2026-01-26 06:16:33
49,289,530,2026-02-25 13:47:28
50,483,286,2026-01-14 08:05:24
51,95,485,2026-04-30 15:53:14
52,225,369,2025-11-15 15:23:47
53,310,110,2025-09-26 05:01:47
54,26,19,2025-10-31 03:23:50
55,22,159,2025-07-16 23:52:01
56,116,99,2026-02-26 22:59:35
57,101,610,2025-10-15 07:05:20
58,298,614,2025-12-26 18:52:55
59,441,441,2025-08-30 14:06:12
60,200,474,2025-08-17 16:06:07
61,458,519,2026-01-17 12:29:59
62,319,42,2025-08-07 08:22:48
63,391,276,2025-12-20 04:01:33
64,201,589,2026-01-22 07:39:06
65,187,25,2025-09-24 17:20:04
66,165,326,2025-07-26 02:11:08
67,416,142,2025-10-09 13:26:35
68,209,336,2026-03-13 21:42:10
69,209,580,2025-11-27 01:35:28
70,257,324,2026-05-15 00:14:26
71,14,410,2026-05-06 16:52:45
72,183,52,2026-03-27 18:22:56
73,448,201,2025-07-19 19:06:45
74,427,341,2025-08-13 17:35:50
75,278,468,2026-03-28 07:57:27
76,385,661,2025-11-20 19:44:03
77,391,55,2025-09-06 16:29:27
78,292,610,2026-06-10 20:30:12
79,195,290,2025-07-18 15:37:08
80,132,67,2025-08-19 21:44:38
81,320,132,2026-01-21 19:03:30
82,253,678,2025-10-18 23:25:50
83,317,412,2026-04-26 15:10:39
84,121,142,2026-04-09 01:26:56
85,65,486,2026-02-24 18:59:24
86,156,611,2026-04-22 22:35:09
87,208,649,2026-02-01 06:39:45
88,382,295,2026-03-03 17:32:14
89,236,481,2025-07-27 20:30:11
90,389,299,2026-03-18 12:35:46
91,500,649,2026-02-10 11:53:56
92,377,679,2026-02-28 23:14:41
93,339,78,2025-09-18 23:21:50
94,351,116,2025-12-17 08:33:15
95,402,16,2025-07-21 05:08:11
96,218,455,2026-02-16 23:56:04
97,322,66,2026-04-18 13:05:39
98,70,19,2026-06-25 06:44:29
99,414,692,2025-09-07 13:41:00
100,32,246,2025-07-24 01:20:47
101,328,358,2026-07-07 09:20:53
102,126,177,2025-10-30 14:01:51
103,172,687,2025-12-01 01:10:57
104,451,288,2026-02-19 05:06:04
105,87,253,2025-11-23 19:39:33
106,432,661,2026-01-26 19:52:17
107,155,677,2025-10-07 16:23:33
108,174,666,2026-05-26 00:29:46
109,147,645,2026-06-25 03:30:48
110,278,241,2026-06-19 18:09:27
111,490,179,2025-08-28 13:34:09
112,323,269,2025-08-26 14:03:02
113,236,340,2026-03-04 20:25:12
114,500,401,2025-10-27 16:59:11
115,398,481,2025-10-10 23:07:06
116,475,608,2026-04-11 07:50:39
117,457,46,2026-02-01 12:53:53
118,299,111,2026-01-29 22:03:45
119,231,416,2025-07-15 20:40:47
120,457,593,2025-08-16 00:47:20
121,497,44,2026-02-01 15:21:09
122,192,245,2026-05-11 21:29:40
123,254,421,2025-12-09 19:44:14
124,86,194,2025-11-29 11:26:20
125,288,112,2025-08-17 17:52:05
126,227,437,2025-10-26 21:22:57
127,216,104,2025-08-28 04:01:00
128,115,596,2025-08-16 22:19:57
129,248,204,2025-10-12 02:36:52
130,139,637,2025-08-16 18:00:59
131,67,70,2025-12-24 00:24:06
132,485,15,2025-10-15 14:25:21
133,250,541,2026-01-19 19:53:01
134,325,210,2025-11-08 15:19:04
135,80,230,2026-04-15 02:19:05
136,11,330,2025-12-12 16:27:23
137,127,672,2026-01-02 13:56:29
138,207,664,2026-01-07 10:35:45
139,278,484,2026-03-22 04:33:27
140,498,27,2026-05-30 00:48:58
141,124,551,2026-02-17 20:12:51
142,251,464,2026-04-12 21:41:34
143,464,514,2026-03-29 08:48:40
144,130,59,2026-04-25 03:14:31
145,2,101,2026-06-29 19:05:36
146,108,591,2026-06-11 23:08:46
147,167,565,2026-03-17 00:52:45
148,35,309,2026-07-08 07:02:23
149,410,601,2026-05-20 16:47:07
150,64,688,2026-01-13 00:57:48
151,260,93,2026-01-15 12:06:31
152,352,143,2025-12-02 00:31:59
153,328,290,2025-07-13 14:28:01
154,417,488,2026-04-05 20:46:38
155,383,142,2026-02-09 19:22:03
156,456,306,2026-04-03 15:38:59
157,428,296,2026-03-12 10:51:41
158,326,449,2025-07-31 13:10:24
159,124,375,2026-06-17 22:12:08
160,83,684,2025-07-14 05:00:09
161,78,138,2025-07-24 07:51:46
162,441,91,2026-05-18 09:54:57
163,297,404,2026-05-11 07:01:42
164,153,100,2026-06-02 22:10:12
165,449,308,2025-10-10 16:56:06
166,173,37,2025-07-30 09:54:46
167,424,148,2025-12-29 21:46:26
168,491,104,2025-10-25 14:18:21
169,24,325,2025-09-14 08:58:57
170,475,16,2026-04-27 10:03:51
171,14,245,2025-12-17 12:15:49
172,19,17,2026-06-12 19:01:57
173,6,564,2025-07-24 12:32:38
174,193,427,2026-02-17 11:22:53
175,136,9,2026-05-06 03:55:44
176,170,30,2025-09-02 08:22:59
177,55,547,2025-09-12 03:01:58
178,104,265,2025-08-05 08:35:08
179,413,493,2025-12-08 02:23:24
180,73,648,2025-07-24 03:52:08
181,296,457,2026-02-15 22:35:34
182,9,432,2026-03-15 22:49:09
183,152,390,2025-08-14 04:12:47
184,231,81,2026-04-19 03:16:10
185,107,487,2025-11-23 05:08:06
186,8,58,2025-12-03 10:51:05
187,48,180,2025-12-03 05:42:52
188,334,466,2026-05-29 11:57:24
189,104,665,2026-06-15 06:39:03
190,248,93,2025-11-03 20:18:13
191,230,32,2026-01-17 09:23:49
192,341,459,2026-02-20 13:57:09
193,120,215,2026-03-28 12:26:37
194,367,657,2025-12-27 14:05:21
195,314,368,2026-02-03 00:52:16
196,35,477,2026-06-29 08:35:52
197,127,668,2026-05-22 17:38:34
198,288,592,2025-07-09 07:20:33
199,443,381,2026-06-25 07:31:32
200,210,335,2026-01-21 21:10:16
201,473,339,2025-12-24 05:46:02
202,455,364,2026-02-22 22:13:24
203,356,621,2026-05-26 13:44:02
204,304,43,2025-12-12 16:09:38
205,430,147,2025-11-27 15:01:56
206,93,415,2025-10-11 09:57:07
207,231,38,2025-10-11 11:31:04
208,482,187,2026-03-12 09:26:57
209,426,459,2025-08-28 14:15:21
210,197,72,2025-12-31 01:53:24
211,260,333,2026-03-27 17:12:54
212,27,161,2025-09-29 10:05:06
213,286,339,2026-04-18 18:14:54
214,357,209,2026-02-03 23:09:47
215,417,616,2025-10-04 15:33:59
216,169,36,2026-05-21 15:42:24
217,27,684,2026-02-21 02:33:47
218,203,61,2026-01-12 06:28:30
219,32,454,2026-01-21 06:07:35
220,98,357,2026-05-25 13:58:20
221,188,286,2026-06-19 18:34:19
222,275,448,2025-07-10 06:47:37
223,118,32,2025-09-06 18:06:23
224,432,487,2025-09-06 17:45:07
225,88,330,2026-04-21 00:57:34
226,155,79,2025-10-16 08:27:17
227,487,407,2026-04-03 20:32:23
228,446,429,2025-10-15 23:54:43
229,496,139,2025-09-24 16:57:51
230,153,623,2026-01-25 01:44:48
231,448,229,2026-02-11 21:03:31
232,340,5,2026-02-11 18:12:10
233,286,40,2026-04-28 05:40:07
234,13,261,2026-03-12 23:21:29
235,1,370,2026-02-05 13:25:33
236,28,174,2025-07-09 02:01:29
237,229,236,2025-09-30 05:57:53
238,198,332,2026-02-04 10:56:13
239,19,405,2025-12-06 14:03:48
240,298,640,2025-12-07 00:34:22
241,296,215,2025-12-31 02:33:29
242,368,305,2026-02-09 03:56:00
243,220,22,2025-07-23 05:03:16
244,282,363,2025-09-20 04:49:37
245,156,43,2026-06-19 00:36:37
246,280,290,2026-04-12 18:38:21
247,476,249,2025-12-17 05:05:34
248,380,550,2025-09-25 23:12:09
249,274,426,2026-01-08 12:37:39
250,401,432,2025-08-31 09:39:56
251,49,471,2025-12-10 10:56:19
252,459,158,2025-08-16 00:11:27
253,8,83,2025-11-14 01:40:55
254,346,405,2026-06-29 18:10:05
255,417,88,2026-06-17 10:45:28
256,384,107,2026-04-06 04:18:12
257,291,63,2026-02-05 17:01:08
258,113,679,2025-12-19 07:09:16
259,26,567,2026-06-09 13:18:42
260,438,291,2025-12-12 15:42:59
261,402,533,2026-05-20 15:44:46
262,6,20,2025-10-01 17:28:59
263,276,67,2025-09-20 09:41:12
264,422,116,2026-06-13 11:55:57
265,193,510,2026-06-29 11:00:00
266,284,403,2025-10-28 10:07:01
267,493,688,2025-09-17 22:51:38
268,415,170,2025-11-17 05:08:38
269,116,242,2025-11-02 14:39:16
270,487,356,2025-12-04 18:53:51
271,80,111,2025-07-12 22:57:55
272,65,357,2026-06-14 01:57:19
273,447,608,2025-07-15 19:07:18
274,351,71,2025-11-07 22:56:02
275,261,686,2026-02-16 12:13:57
276,74,273,2026-01-16 10:28:46
277,326,128,2025-09-08 23:23:56
278,59,195,2025-12-24 03:47:46
279,8,237,2025-08-12 10:10:46
280,63,213,2026-06-26 08:28:31
281,363,323,2026-05-06 10:50:32
282,273,508,2026-03-26 08:42:17
283,57,335,2025-09-18 04:12:06
284,49,228,2025-11-04 18:48:30
285,137,503,2026-01-06 16:01:05
286,81,524,2026-02-02 04:37:58
287,171,121,2025-11-13 15:41:07
288,90,477,2026-01-19 20:30:37
289,441,369,2026-06-09 05:26:31
290,484,208,2026-06-20 08:22:14
291,98,204,2026-01-20 13:37:33
292,74,522,2026-05-27 12:50:49
293,321,641,2025-07-22 17:37:24
294,403,304,2026-04-03 17:15:16
295,482,312,2026-06-27 11:23:26
296,54,633,2025-10-13 23:44:01
297,311,459,2026-02-19 07:52:34
298,457,679,2025-07-10 17:39:17
299,316,249,2025-10-07 10:04:17
300,116,505,2026-05-08 21:14:53
301,282,24,2026-03-10 22:36:19
302,446,3,2026-02-01 18:09:38
303,236,650,2026-06-09 00:54:29
304,213,229,2026-06-28 20:54:59
305,162,648,2025-10-16 23:56:14
306,80,392,2026-01-19 23:04:06
307,319,476,2026-05-12 01:41:47
308,341,573,2026-03-17 11:08:02
309,380,67,2026-03-31 15:30:49
310,194,604,2026-06-25 16:10:46
311,470,3,2026-02-19 19:18:37
312,52,696,2026-02-23 22:27:30
313,498,533,2025-10-23 12:33:09
314,87,197,2025-09-22 19:24:24
315,96,479,2026-02-19 20:21:16
316,480,565,2026-05-06 23:47:33
317,328,565,2025-09-30 08:57:02
318,189,658,2026-02-03 02:04:53
319,485,438,2026-03-06 20:00:10
320,452,111,2025-11-30 19:39:39
321,314,21,2025-10-20 09:03:55
322,378,240,2025-12-16 03:21:58
323,212,35,2026-04-11 00:48:48
324,77,688,2026-04-30 13:16:03
325,95,157,2025-11-07 15:25:44
326,56,436,2025-08-22 00:53:35
327,59,607,2026-02-17 02:22:04
328,239,40,2025-12-31 18:29:47
329,295,357,2026-04-12 05:22:44
330,243,409,2025-07-12 00:47:43
331,440,7,2026-07-05 10:22:12
332,406,22,2026-05-31 13:03:02
333,70,107,2026-05-04 08:57:43
334,466,187,2026-02-28 17:01:33
335,146,431,2026-01-25 23:52:35
336,468,18,2026-03-12 10:41:53
337,477,368,2025-08-07 20:15:44
338,329,51,2026-04-22 10:25:17
339,234,365,2025-08-25 21:22:15
340,448,35,2025-12-25 23:51:03
341,438,49,2025-08-31 04:53:53
342,367,503,2026-06-15 04:53:12
343,150,13,2026-03-09 17:24:53
344,361,696,2026-04-21 22:56:38
345,64,87,2026-06-13 00:38:42
346,21,39,2026-07-04 23:01:42
347,272,227,2025-10-29 05:24:24
348,404,518,2025-07-23 06:57:44
349,143,176,2026-03-06 12:15:48
350,435,542,2026-01-22 02:58:13
351,389,684,2025-10-07 17:47:53
352,55,392,2026-04-30 17:18:35
353,103,203,2026-01-23 03:03:11
354,205,393,2026-03-07 05:16:08
355,57,623,2026-04-22 17:05:03
356,458,632,2026-05-19 05:50:21
357,12,627,2026-01-22 21:23:00
358,368,645,2026-01-05 17:03:06
359,431,437,2026-02-06 09:07:42
360,222,330,2026-06-30 21:17:03
361,298,71,2025-08-03 23:50:44
362,88,144,2026-06-22 21:22:33
363,443,126,2025-12-20 07:58:08
364,454,151,2026-01-21 15:21:43
365,392,218,2026-01-27 10:28:39
366,143,377,2026-01-20 01:50:20
367,289,408,2025-07-30 21:25:09
368,23,257,2025-11-28 16:27:52
369,496,223,2026-04-22 04:02:36
370,166,624,2026-05-27 16:06:45
371,381,150,2025-10-23 05:02:41
372,230,319,2025-08-20 15:51:18
373,91,688,2026-07-01 09:31:47
374,233,176,2026-04-25 19:34:54
375,245,128,2025-12-16 12:07:47
376,27,429,2026-01-21 04:06:01
377,25,138,2025-07-17 00:09:43
378,408,101,2026-04-03 14:22:26
379,453,32,2025-09-21 15:40:49
380,253,64,2025-09-20 21:25:27
381,492,76,2025-11-11 02:13:04
382,143,584,2026-06-29 14:32:00
383,311,163,2025-08-29 03:20:29
384,496,376,2026-06-10 06:04:39
385,28,167,2026-02-23 20:23:50
386,228,199,2026-03-13 19:59:57
387,149,36,2025-10-14 10:54:51
388,261,109,2026-02-19 15:35:13
389,358,351,2026-04-16 19:43:38
390,243,305,2026-05-21 01:59:00
391,163,442,2025-12-31 10:30:26
392,163,125,2025-07-10 09:30:48
393,321,681,2026-06-02 10:23:15
394,399,474,2026-02-12 15:21:26
395,389,438,2026-02-27 02:26:16
396,58,691,2026-06-27 02:44:14
397,312,509,2025-12-28 08:09:42
398,193,390,2025-10-25 19:46:32
399,2,334,2025-08-06 20:03:59
400,193,216,2025-10-12 12:20:01
401,320,504,2025-10-20 21:19:54
402,440,354,2025-09-10 13:12:29
403,134,25,2025-11-08 08:52:59
404,114,666,2025-09-20 11:21:17
405,8,561,2025-11-18 20:19:54
406,173,355,2025-12-27 01:19:15
407,338,415,2025-10-19 22:08:09
408,126,698,2025-08-20 09:31:10
409,107,562,2026-01-20 04:05:20
410,3,373,2026-03-21 17:31:55
411,250,410,2026-06-15 00:01:39
412,473,381,2026-04-16 07:41:51
413,395,553,2025-10-20 10:20:41
414,5,539,2025-11-26 13:41:34
415,426,274,2025-09-25 09:15:11
416,297,236,2026-05-16 22:57:37
417,209,208,2025-08-23 00:57:57
418,38,47,2026-05-09 09:53:01
419,193,21,2026-04-05 14:53:07
420,258,444,2025-10-30 05:24:01
421,355,543,2025-10-26 22:12:25
422,255,127,2025-10-06 19:04:56
423,70,614,2026-06-04 23:29:39
424,415,673,2025-09-10 19:16:05
425,232,26,2026-05-20 23:14:48
426,328,228,2026-06-02 02:59:06
427,121,53,2025-11-05 12:32:24
428,107,478,2026-05-15 07:49:31
429,414,402,2026-05-10 13:08:58
430,103,536,2025-12-03 22:51:00
431,308,110,2025-10-29 12:52:05
432,208,522,2025-08-07 23:18:56
433,416,106,2025-09-30 17:03:41
434,429,281,2025-11-03 12:01:44
435,313,562,2025-09-28 08:04:39
436,23,483,2026-05-02 15:19:01
437,137,357,2026-04-03 14:45:20
438,337,40,2026-02-08 04:24:01
439,40,117,2025-08-20 19:54:20
440,337,684,2025-11-17 08:21:47
441,283,74,2026-02-07 13:58:39
442,400,695,2025-08-16 05:08:55
443,149,65,2026-06-06 00:39:59
444,275,231,2025-09-26 06:52:38
445,322,78,2025-07-11 22:08:50
446,191,363,2025-07-15 02:58:04
447,472,162,2026-06-02 10:17:01
448,52,142,2026-01-04 08:35:52
449,62,409,2025-12-19 03:19:57
450,107,30,2025-09-02 06:24:03
451,425,9,2026-05-13 01:47:44
452,368,609,2026-06-11 01:59:26
453,276,149,2025-07-21 07:44:14
454,268,35,2026-01-05 12:46:52
455,171,384,2026-04-20 03:54:32
456,32,433,2025-09-03 13:23:12
457,437,31,2025-10-20 03:34:53
458,374,565,2025-09-29 21:50:44
459,241,277,2025-12-08 02:18:22
460,253,583,2026-01-26 22:33:39
461,220,233,2026-05-02 11:57:51
462,124,646,2026-02-10 14:45:58
463,100,289,2026-01-13 00:28:07
464,315,215,2026-02-14 04:56:11
465,392,667,2026-01-06 09:04:12
466,51,35,2026-05-25 07:35:15
467,373,191,2025-08-13 10:47:34
468,229,594,2026-06-18 01:27:03
469,189,139,2025-09-30 12:37:59
470,445,161,2025-10-19 19:34:28
471,314,590,2025-09-28 13:41:04
472,275,532,2026-05-25 01:52:10
473,26,573,2025-12-19 21:29:07
474,287,592,2026-05-05 18:16:17
475,7,628,2025-09-20 15:09:27
476,428,484,2025-10-13 03:40:57
477,432,57,2026-04-13 17:04:14
478,336,431,2026-06-22 03:53:22
479,412,445,2026-03-04 08:32:22
480,219,473,2026-01-12 17:17:35
481,334,265,2026-03-27 13:52:04
482,74,66,2025-08-11 09:10:50
483,15,691,2025-11-19 10:07:57
484,124,150,2026-06-07 00:32:39
485,206,112,2025-12-17 22:59:14
486,35,229,2026-04-28 22:26:17
487,403,174,2026-03-31 04:54:23
488,191,439,2026-04-19 05:55:04
489,495,387,2026-04-17 05:18:18
490,131,648,2025-11-28 09:49:38
491,231,71,2025-10-12 15:41:17
492,314,475,2026-03-17 04:17:14
493,268,159,2026-02-26 18:58:53
494,1,260,2025-08-18 06:47:34
495,391,682,2025-07-16 19:54:05
496,51,245,2025-09-13 08:03:46
497,308,89,2026-01-18 11:51:49
498,386,296,2025-12-06 14:55:39
499,38,529,2026-04-27 15:01:32
500,64,47,2025-07-23 19:25:50
501,92,47,2026-03-08 20:00:15
502,398,482,2026-04-24 01:00:12
503,457,216,2025-08-09 15:23:04
504,425,257,2026-06-13 08:10:49
505,354,281,2026-01-16 05:59:11
506,343,423,2025-07-27 18:40:05
507,182,662,2026-01-26 18:52:57
508,63,445,2025-08-09 06:56:37
509,414,178,2025-07-23 20:07:00
510,69,181,2026-01-30 11:22:55
511,334,588,2026-06-15 15:23:34
512,267,33,2025-10-05 08:07:05
513,446,587,2025-08-21 10:05:44
514,73,245,2026-01-07 13:20:42
515,427,439,2026-05-11 14:33:23
516,282,284,2025-09-23 05:43:12
517,133,30,2026-05-05 04:30:22
518,70,552,2026-01-05 14:03:49
519,255,653,2026-03-03 11:25:03
520,341,301,2026-03-13 01:40:25
521,384,26,2026-01-03 15:07:09
522,359,693,2025-11-07 08:02:01
523,303,605,2026-06-11 20:04:03
524,203,153,2025-09-11 13:40:01
525,40,579,2026-04-03 17:37:58
526,236,26,2025-07-11 11:16:51
527,263,81,2026-06-23 01:51:34
528,462,106,2025-08-25 14:26:44
529,145,109,2025-12-29 15:17:10
530,305,196,2026-04-21 05:42:53
531,394,56,2026-05-31 01:53:13
532,172,257,2026-02-21 15:43:11
533,260,197,2026-01-09 10:18:54
534,2,418,2026-05-25 18:22:14
535,323,57,2025-08-04 07:55:03
536,323,188,2025-10-11 19:59:23
537,292,117,2025-10-16 10:49:37
538,211,83,2026-06-28 10:57:25
539,307,499,2026-01-27 17:38:01
540,159,383,2026-06-01 23:14:22
541,481,228,2026-02-22 02:07:33
542,27,679,2025-10-29 11:00:24
543,163,237,2026-04-05 05:20:00
544,384,98,2025-11-19 05:41:38
545,10,217,2025-10-03 05:13:28
546,168,277,2026-05-10 01:48:09
547,66,579,2025-07-22 09:34:16
548,16,167,2025-09-21 12:01:39
549,480,214,2026-02-05 09:49:02
550,278,244,2025-09-06 00:45:31
551,314,332,2026-07-05 18:39:46
552,229,75,2025-07-26 23:30:05
553,316,121,2026-07-07 15:26:15
554,11,608,2026-01-15 17:06:23
555,312,634,2025-12-05 14:18:32
556,149,585,2026-02-27 02:27:21
557,472,159,2025-09-13 11:21:28
558,26,345,2025-11-20 00:43:42
559,269,215,2025-11-28 20:24:43
560,324,167,2025-11-08 15:09:26
561,35,362,2026-04-12 08:27:22
562,375,242,2026-04-29 06:14:46
563,432,298,2026-07-05 10:51:52
564,399,492,2025-12-29 05:05:58
565,52,339,2025-08-08 03:40:08
566,222,559,2026-03-28 09:21:33
567,27,691,2026-01-09 10:12:18
568,126,589,2025-08-18 14:15:00
569,93,636,2025-07-30 19:28:00
570,48,92,2025-11-26 13:35:29
571,455,498,2025-09-04 10:04:19
572,245,322,2025-09-20 15:51:45
573,291,683,2026-05-19 08:36:22
574,87,295,2026-01-15 15:29:02
575,47,278,2026-06-18 23:09:18
576,189,139,2026-03-10 03:19:51
577,1,259,2025-11-09 05:18:08
578,159,567,2025-09-11 14:21:27
579,500,268,2026-03-07 11:19:40
580,499,125,2025-11-02 03:28:31
581,11,400,2026-05-26 05:02:40
582,268,513,2025-11-10 03:35:42
583,414,61,2025-09-30 21:11:33
584,61,371,2025-08-07 23:35:42
585,252,21,2026-01-04 22:02:41
586,272,291,2026-01-18 04:42:57
587,8,458,2026-07-03 05:54:22
588,211,75,2025-09-01 06:32:21
589,388,176,2026-01-19 01:10:51
590,468,559,2026-01-02 07:39:37
591,285,567,2026-05-05 05:48:21
592,100,194,2026-02-08 19:48:59
593,482,282,2026-02-12 07:46:50
594,84,77,2025-12-23 07:02:08
595,286,500,2026-01-04 16:53:12
596,258,112,2025-12-08 11:55:07
597,157,265,2025-11-21 19:23:57
598,269,125,2026-05-06 23:35:17
599,487,87,2026-07-06 01:52:49
600,352,632,2026-02-14 01:53:30
601,454,664,2026-06-30 21:29:48
602,130,369,2026-04-11 06:13:30
603,233,65,2026-06-15 02:49:13
604,321,424,2026-03-23 17:19:00
605,356,358,2025-08-25 22:03:31
606,238,203,2026-02-14 10:35:09
607,381,184,2025-09-05 09:48:17
608,330,661,2025-11-11 05:53:25
609,382,136,2025-11-29 05:13:00
610,296,213,2026-02-14 03:44:55
611,112,46,2025-09-19 04:02:39
612,132,597,2025-11-10 02:55:33
613,229,390,2025-11-09 04:00:01
614,407,667,2025-12-08 14:21:44
615,433,509,2025-08-27 06:14:03
616,400,18,2026-05-24 08:35:18
617,311,453,2025-11-13 01:22:09
618,428,597,2026-05-22 15:51:47
619,382,639,2026-02-05 13:45:03
620,264,340,2026-07-01 16:39:08
621,452,679,2026-07-05 18:15:55
622,405,206,2026-06-16 07:18:03
623,163,150,2026-01-17 11:30:39
624,135,168,2026-03-27 23:20:39
625,265,365,2026-07-04 19:16:37
626,98,407,2026-04-01 08:58:36
627,399,696,2026-06-22 02:51:32
628,268,483,2025-10-06 09:49:44
629,440,67,2025-09-21 16:37:09
630,149,633,2025-12-17 10:26:59
631,3,423,2025-11-11 16:14:35
632,37,130,2026-01-01 22:42:00
633,284,134,2025-10-15 17:50:44
634,185,581,2026-04-18 19:15:11
635,56,263,2026-02-28 11:03:14
636,247,533,2026-02-01 05:23:46
637,233,45,2026-03-12 04:57:30
638,231,60,2025-10-01 18:29:05
639,492,220,2026-01-26 20:47:57
640,140,574,2026-06-16 11:24:46
641,235,197,2025-08-06 08:29:05
642,86,113,2026-07-06 13:37:45
643,406,257,2025-11-17 12:06:00
644,488,534,2026-02-07 03:15:21
645,424,686,2025-07-27 15:41:54
646,290,437,2025-09-08 18:48:07
647,180,59,2026-02-23 11:54:21
648,20,642,2026-05-23 00:22:59
649,31,435,2025-12-10 05:51:52
650,358,85,2026-04-22 07:56:14
651,487,119,2025-07-10 16:21:26
652,287,641,2026-05-06 11:15:01
653,422,89,2025-09-13 23:49:05
654,310,504,2025-09-09 05:29:05
655,376,211,2025-10-02 20:41:56
656,208,648,2026-02-21 19:37:44
657,96,408,2026-05-13 03:31:40
658,410,472,2025-08-22 06:19:32
659,442,626,2025-10-23 11:55:59
660,54,267,2025-12-30 14:50:06
661,288,563,2025-11-08 08:55:47
662,142,594,2026-05-22 07:45:38
663,106,423,2026-04-25 04:31:17
664,31,113,2025-07-19 03:06:33
665,170,689,2025-09-02 03:08:23
666,117,625,2026-04-04 06:49:56
667,229,694,2026-03-20 00:22:57
668,130,19,2026-03-28 19:14:00
669,484,655,2026-05-24 10:20:47
670,380,609,2025-10-13 21:26:18
671,175,600,2025-07-17 13:40:46
672,435,546,2026-05-30 10:36:38
673,442,1,2026-03-14 15:13:37
674,454,185,2025-08-06 03:35:16
675,499,654,2026-06-22 00:38:02
676,73,331,2025-07-10 06:40:16
677,410,303,2026-07-07 06:16:43
678,363,441,2026-02-03 12:00:50
679,414,496,2025-11-04 20:26:59
680,297,174,2026-03-11 11:52:48
681,481,328,2025-10-23 02:57:04
682,143,88,2026-06-25 14:29:28
683,81,239,2026-02-19 06:02:00
684,260,117,2026-02-07 06:01:58
685,406,548,2025-09-27 09:59:04
686,469,62,2026-01-21 21:48:45
687,362,539,2026-06-27 14:21:28
688,149,617,2026-02-01 03:59:54
689,112,206,2025-08-16 01:55:57
690,166,455,2025-12-02 20:24:16
691,231,200,2025-08-19 19:18:33
692,132,251,2025-12-31 08:42:49
693,245,423,2026-02-17 15:15:10
694,151,72,2025-08-05 19:02:06
695,98,493,2025-07-16 06:40:40
696,14,204,2025-12-08 03:08:43
697,312,381,2026-06-18 15:07:52
698,292,644,2025-10-02 19:01:53
699,389,335,2026-01-27 04:02:49
700,427,353,2025-09-14 15:02:20
701,52,272,2025-07-22 00:03:53
702,237,247,2025-10-07 08:00:57
703,110,174,2026-03-14 10:05:33
704,254,558,2026-02-08 15:11:06
705,382,588,2026-03-30 03:45:36
706,64,553,2026-02-17 00:11:51
707,263,480,2026-05-14 10:23:11
708,361,378,2026-05-13 17:23:38
709,468,210,2026-04-03 16:08:37
710,479,53,2025-10-15 22:29:14
711,379,332,2026-02-16 15:12:09
712,233,309,2026-01-26 22:23:45
713,483,573,2026-05-18 17:45:22
714,398,466,2025-12-06 09:03:27
715,202,289,2025-08-23 06:27:18
716,228,113,2025-12-02 00:39:58
717,338,603,2026-06-06 12:20:00
718,8,108,2026-03-28 00:19:06
719,91,76,2026-03-28 04:57:40
720,132,558,2025-09-30 20:51:54
721,496,623,2026-03-29 05:47:41
722,89,1,2025-12-17 04:43:16
723,71,659,2025-10-22 04:48:24
724,51,264,2026-06-19 13:51:51
725,235,697,2026-05-14 21:03:28
726,429,422,2025-12-20 04:05:08
727,387,297,2026-02-11 06:52:42
728,186,617,2025-11-17 02:40:45
729,223,308,2025-08-22 00:12:46
730,131,102,2026-02-21 19:26:57
731,45,578,2026-04-21 03:45:52
732,358,694,2025-11-07 21:46:59
733,78,284,2025-10-27 15:31:07
734,413,519,2025-09-28 12:23:08
735,375,579,2025-09-18 03:23:51
736,48,437,2025-09-14 01:34:23
737,42,433,2025-09-19 08:54:46
738,479,178,2026-07-06 19:22:06
739,249,138,2025-08-18 23:59:25
740,26,278,2026-06-16 03:47:36
741,418,167,2025-09-16 03:32:13
742,149,329,2026-03-13 11:53:26
743,187,18,2025-07-16 02:26:36
744,188,125,2025-12-20 22:49:46
745,479,632,2025-10-12 03:13:22
746,41,334,2026-04-29 08:49:27
747,114,369,2026-05-10 05:10:05
748,262,583,2025-08-06 15:16:45
749,306,371,2026-01-10 20:02:15
750,367,522,2025-08-20 11:51:58
751,203,355,2025-08-28 19:54:38
752,158,219,2026-03-12 04:40:19
753,163,138,2026-05-31 11:50:09
754,80,652,2025-09-12 22:08:07
755,107,448,2026-05-08 11:50:03
756,128,224,2025-08-24 20:51:08
757,470,549,2025-08-09 06:24:33
758,130,252,2026-07-01 19:30:37
759,288,474,2025-09-08 14:55:02
760,267,539,2025-12-13 03:29:36
761,148,14,2025-08-17 03:57:08
762,420,520,2025-12-18 09:18:29
763,23,240,2026-01-31 21:50:45
764,390,54,2026-05-16 15:57:24
765,32,73,2026-02-26 11:07:12
766,352,640,2026-06-16 11:34:02
767,297,120,2025-11-08 13:35:54
768,324,397,2025-08-21 21:22:48
769,96,543,2025-08-09 20:59:04
770,420,270,2026-03-02 07:35:30
771,289,266,2025-07-14 06:44:10
772,433,281,2026-02-23 20:28:13
773,111,167,2025-12-07 04:47:41
774,3,528,2025-08-09 06:02:30
775,395,515,2026-06-21 16:25:47
776,459,687,2026-05-13 07:41:51
777,4,407,2026-03-30 14:01:33
778,154,203,2025-12-30 23:02:26
779,17,464,2025-10-25 05:18:49
780,254,658,2026-03-29 02:51:10
781,82,342,2026-02-18 00:09:18
782,422,235,2026-03-13 16:36:42
783,465,298,2025-12-25 16:19:44
784,336,36,2025-10-14 16:53:45
785,388,485,2025-10-06 12:38:56
786,27,347,2026-01-28 07:08:14
787,29,675,2025-11-29 06:08:01
788,467,120,2026-01-22 05:48:00
789,347,430,2025-10-30 03:54:29
790,228,285,2025-12-30 05:45:47
791,90,138,2025-07-23 06:59:43
792,163,655,2026-03-05 19:15:48
793,103,679,2025-10-19 08:17:08
794,6,202,2026-02-27 06:06:06
795,271,577,2026-07-02 16:02:26
796,409,246,2026-03-06 17:19:35
797,172,101,2026-03-07 14:11:28
798,387,48,2025-09-17 15:51:19
799,392,115,2026-02-19 17:31:18
800,193,308,2026-04-01 17:41:57
801,395,558,2025-12-07 13:54:11
802,475,23,2026-06-22 05:47:25
803,129,613,2026-04-15 00:40:34
804,494,696,2025-11-28 23:02:56
805,475,387,2025-10-09 10:06:01
806,261,188,2025-09-20 20:32:34
807,294,623,2026-01-18 00:43:56
808,70,4,2026-01-29 20:03:53
809,243,150,2026-03-28 20:18:03
810,9,601,2025-07-10 22:47:05
811,75,445,2026-04-15 06:40:06
812,67,426,2026-02-19 12:15:53
813,85,238,2025-12-16 01:43:36
814,281,163,2026-03-01 08:54:48
815,470,656,2025-08-13 03:25:25
816,35,548,2026-03-14 23:25:04
817,328,232,2026-04-12 19:15:52
818,390,551,2025-07-31 01:30:25
819,115,35,2026-07-03 19:55:23
820,364,128,2026-01-11 17:50:08
821,249,165,2026-04-09 20:59:15
822,64,427,2026-01-01 01:06:11
823,368,664,2026-06-01 05:26:10
824,136,321,2026-04-03 15:14:00
825,322,104,2025-08-30 16:36:47
826,323,280,2025-11-16 03:00:49
827,304,645,2026-01-02 11:04:36
828,252,2,2026-06-26 06:31:23
829,393,113,2025-09-03 15:06:55
830,224,345,2026-03-08 14:32:24
831,271,660,2026-05-24 05:13:49
832,468,438,2026-05-20 01:43:18
833,85,457,2026-02-01 15:50:20
834,236,380,2025-07-29 06:35:29
835,59,277,2025-09-06 21:44:32
836,182,212,2026-01-08 07:51:55
837,178,170,2026-01-23 11:51:37
838,331,528,2026-03-29 18:17:22
839,411,689,2026-02-19 17:59:58
840,466,628,2026-05-09 21:11:51
841,419,546,2025-07-12 17:06:57
842,254,410,2026-03-11 08:32:20
843,271,420,2026-02-18 04:12:27
844,479,292,2025-08-31 19:42:58
845,249,38,2026-02-11 08:51:25
846,2,697,2026-04-04 14:36:07
847,482,618,2026-02-11 04:06:42
848,40,473,2025-07-11 16:35:40
849,377,667,2025-12-19 00:24:41
850,405,354,2026-01-03 03:39:32
851,235,335,2026-02-20 21:16:41
852,414,535,2025-08-25 17:09:16
853,199,670,2025-11-12 01:20:34
854,97,122,2025-08-02 02:45:30
855,170,624,2026-02-28 17:03:03
856,118,42,2026-04-26 18:46:46
857,308,534,2025-09-16 10:21:11
858,481,58,2026-02-09 23:02:21
859,236,393,2025-10-25 08:08:24
860,87,37,2026-02-13 18:21:12
861,47,32,2025-09-27 12:53:34
862,500,200,2026-06-08 18:55:42
863,129,381,2026-03-30 22:45:20
864,464,536,2026-05-01 04:22:21
865,128,163,2026-03-31 16:38:02
866,355,461,2026-04-20 12:44:03
867,146,437,2025-09-26 19:06:15
868,34,258,2026-07-05 08:27:56
869,174,329,2026-07-02 22:25:32
870,217,296,2025-07-16 16:32:19
871,84,282,2025-08-21 17:25:44
872,252,495,2025-11-22 17:06:40
873,484,653,2026-02-27 02:55:14
874,374,22,2026-05-08 22:10:37
875,238,61,2026-02-15 20:34:51
876,246,226,2026-02-02 18:00:32
877,167,212,2026-02-04 10:37:46
878,61,447,2026-05-11 22:23:17
879,130,493,2025-07-26 21:12:04
880,161,52,2026-01-08 03:12:28
881,23,83,2025-10-07 09:58:43
882,5,82,2025-10-03 20:01:06
883,214,445,2025-10-22 02:06:41
884,258,419,2025-07-30 00:40:50
885,99,179,2025-12-15 11:51:11
886,385,150,2025-10-29 04:05:41
887,273,239,2025-10-21 15:09:09
888,317,210,2025-12-31 10:13:29
889,305,31,2025-12-21 08:05:01
890,253,529,2025-10-09 18:18:36
891,146,198,2025-09-19 19:47:26
892,194,513,2025-07-13 11:08:41
893,141,139,2025-08-07 03:01:49
894,107,246,2025-10-04 17:20:37
895,372,109,2026-04-19 07:56:29
896,123,628,2026-06-03 06:22:07
897,434,236,2026-06-02 07:31:11
898,335,673,2025-10-09 04:19:59
899,382,28,2025-09-20 17:37:08
900,161,557,2025-08-12 02:13:19
901,212,411,2026-01-19 05:18:19
902,29,468,2026-02-06 09:57:05
903,70,168,2025-10-28 07:30:23
904,369,532,2025-11-04 02:37:14
905,167,16,2026-04-15 17:31:45
906,326,39,2025-10-31 20:50:36
907,486,365,2026-06-19 20:06:37
908,467,287,2026-02-18 22:11:21
909,462,217,2026-05-13 01:09:17
910,76,565,2026-03-27 22:27:44
911,431,531,2025-11-03 21:32:37
912,116,282,2025-11-20 21:23:46
913,220,556,2026-01-02 18:19:22
914,390,533,2026-02-11 07:42:56
915,346,270,2025-11-14 21:30:29
916,97,345,2026-01-07 18:25:06
917,391,335,2026-01-17 13:47:59
918,315,351,2026-07-03 09:57:59
919,228,205,2026-06-20 22:12:07
920,257,678,2026-01-12 20:31:38
921,170,64,2025-07-13 09:38:54
922,226,156,2025-11-15 07:47:06
923,300,369,2026-06-01 03:48:11
924,308,90,2026-06-23 23:54:44
925,24,681,2025-09-03 11:20:44
926,173,577,2025-12-07 16:16:00
927,407,68,2025-12-05 14:13:32
928,396,18,2025-09-02 19:49:36
929,48,424,2026-01-07 05:40:38
930,135,552,2025-11-05 08:53:22
931,346,236,2026-05-08 14:55:13
932,291,661,2025-10-23 02:00:01
933,194,652,2026-03-27 14:05:56
934,391,525,2025-10-05 01:17:16
935,208,546,2026-05-17 07:38:32
936,41,480,2026-01-26 03:19:12
937,472,345,2026-03-22 00:51:42
938,158,143,2026-05-27 11:39:28
939,307,226,2025-11-25 08:56:54
940,40,423,2025-10-03 08:51:44
941,245,598,2025-10-07 15:35:52
942,497,200,2026-05-16 17:08:43
943,84,367,2026-04-10 12:33:15
944,162,106,2026-03-15 15:17:20
945,351,609,2025-07-23 01:42:25
946,198,604,2025-09-30 00:11:21
947,228,388,2026-04-09 22:34:21
948,365,341,2025-07-22 13:25:51
949,123,433,2026-07-08 07:13:45
950,169,236,2025-12-23 11:18:45
951,480,499,2026-04-20 21:15:34
952,154,418,2026-06-15 08:54:34
953,339,137,2026-04-29 18:01:52
954,170,73,2026-04-25 08:44:52
955,326,335,2025-08-16 14:18:26
956,92,363,2026-03-31 11:17:34
957,123,189,2026-03-26 18:13:23
958,421,80,2026-07-06 20:02:01
959,288,635,2026-03-11 22:18:33
960,360,691,2025-09-26 13:38:58
961,465,485,2025-08-24 00:49:41
962,299,439,2025-11-25 06:11:33
963,67,127,2026-05-10 02:46:50
964,325,484,2026-07-06 03:12:10
965,336,206,2025-12-16 06:20:43
966,404,320,2026-02-22 05:39:54
967,35,230,2026-07-02 19:49:11
968,79,472,2025-10-20 05:27:34
969,333,551,2026-03-02 12:58:29
970,473,598,2026-05-04 01:18:04
971,71,234,2025-08-20 02:36:31
972,377,695,2025-11-20 11:46:29
973,135,42,2025-11-12 08:53:22
974,40,228,2026-05-09 10:13:57
975,495,100,2025-12-30 11:04:47
976,373,210,2025-12-12 00:20:26
977,50,109,2026-01-07 12:51:14
978,171,578,2026-04-16 22:58:38
979,206,425,2025-10-25 14:31:12
980,338,47,2026-05-01 04:41:15
981,436,588,2025-08-25 02:41:03
982,480,150,2025-08-09 01:21:39
983,183,64,2025-10-02 23:22:26
984,389,33,2026-06-17 15:19:26
985,350,624,2026-04-25 07:19:00
986,128,323,2025-09-02 05:03:01
987,272,117,2025-07-13 08:08:46
988,177,597,2026-02-09 23:30:54
989,454,517,2026-02-21 00:35:54
990,338,365,2025-12-13 11:25:30
991,478,236,2026-05-13 07:00:51
992,168,196,2026-05-03 13:00:04
993,268,606,2025-11-09 05:04:03
994,272,101,2025-08-27 20:20:09
995,212,639,2026-03-17 23:43:39
996,12,485,2026-03-31 13:48:54
997,465,210,2025-10-01 04:48:45
998,440,148,2026-06-19 23:30:03
999,98,590,2026-04-26 21:56:00
1000,396,670,2026-06-22 08:17:22
